[
{
  "model": "trails.region",
  "pk": 1,
  "fields": {
    "name": "Домбай",
    "slug": "dombay",
    "description_intro": "Архыз — это уютные и доступные горы на Западном Кавказе. Здесь мягкий климат, близкие расстояния и множество маршрутов, которые по силам не только альпинистам и спортивным туристам, но и всем, кто умеет и любит ходить. За один день можно подняться до 3000 м, увидеть озёра, водопады и крышесносные панорамы Кавказского хребта во главе с Эльбрусом. Всё это делает горы Архыза идеальными для первых походов — от однодневных треккингов до категорийных маршрутов.<br><br>\r\nГоры Архыза притягивают бесчисленным количеством озер с прозрачной как хрусталь водой, искрящимися водопадами, плюшевыми склонами гор и чистым воздухом. Кроме того, в Архызе огромный выбор жилья в формате небольших домиков с верандой и мангалом, где невероятно приятно отдохнуть после насыщенного приключениями дня в горах.",
    "description_seasons": "Полноценный походный сезон в Архызе начинается в конце мая-начале июня. Однако стоит учитывать, что в это время в горах ещё лежит снег, что несколько усложняет высотные участки маршрутов. В июне цветут альпийские луга и горы превращаются в разноцветный ковёр — это очень красивое время. В начале лета снег ещё лежит на северных склонах, но ходить в походы уже комфортно. В июне цветут альпийские луга и горы превращаются в разноцветный ковёр — это очень красивое время. Только горные озёра ещё спрятаны подо льдом, открываются они обычно к концу июля.<br><br>\r\nПо-настоящему летний сезон в горах Архыза начинается в конце июня — начале июля. А июль — настоящее цветущее лето. Снег остался только на высоких перевалах, а альпийские луга утопают в цветах. Август и начало сентября идеальны для походов далеко в горы. Это самое тёплое и сухое время в Архызе — снега нет, все озёра открыты, все перевалы доступны, а погода самая устойчивая. Именно в это время можно застать неделю безоблачных дней подряд, что большая редкость для Кавказских гор. В августе поспевает черника и малина, можно здорово разнообразить походный рацион. <br><br>\r\nЛето длится примерно до середины сентября, а дальше как повезёт. В сентябре могут ударить заморозки, а в середине октября вернуться лето. Разгар золотой осени приходится на начало — середину октября, и в это время часто бывают тёплые солнечные дни. Это невероятно красивое время с самыми яркими красками. Но могут зарядить дожди, а то и выпасть снег — раз на раз не приходится. В это время поспевают чинарики — орешки бука, которого много на северной окраине посёлка.",
    "description_geo": "Посёлок Архыз расположился в котловине, окруженной со всех сторон горными хребтами. В каждом хребте свой неповторимый рельеф и свои интересные маршруты. <br><br>\r\nС севера и северо-запада район ограничен хребтом Абишира-Ахуба, длинным, как хвост дракона. Ближе к посёлку склоны покрыты лесом и травой, а дальше на восток обрываются гладкими монолитами. Большинство вершин в хребте имеют высоту около 3000 м, здесь нет ледников и суровых скал, зато много простых маршрутов и красивых озёр. <br><br>\r\nНа востоке возвышается хребет Ужум. На одном из его склонов расположена астрофизическая обсерватория, а с пешеходной точки зрения интересен самый близкий к посёлку небольшой отрожек — хребет Морг-Сырты. Горы здесь как будто плюшевые, есть несколько озёр и несложная для восхождения вершина Красная. <br><br>\r\nНа западе вытянулся хребет Аркасара. Здесь рельеф на любой вкус: от плюшевых холмов до скал и ледников, и множество озёр, самые известные из которых — Семицветное и Дуккинские (или Аркасарские). <br><br>\r\nНа юге район ограничен Главным Кавказским хребтом с его вечными ледниками и острыми скальными пиками. Самая высокая вершина здесь — гора Пшиш (3790 м), доступная только альпинистам. Чуть к северу ответвляется Софийский хребет во главе с вершиной София (3637 м) — её приметный купол видно практически из любой точки Архыза. В Софийском хребте множество красивых озёр, которые доступны для однодневных маршрутов, и самые известные достопримечательности Архыза — Софийские водопады и Софийские озера.",
    "description_transport": "Добираться в Архыз проще всего на своей машине. Дорога из Москвы, например, займет около 20 часов. Удобно заночевать в Ростове-на-Дону, где большой выбор жилья и кафе. По дороге из Ростова в Архыз / Домбай мы любим заехать на рынок в город Кропоткин – городок совершенно не туристический, в нем можно очень недорого закупиться вкусными фруктами и овощами – в горах качество и выбор этих продуктов, увы, так себе. На подъезде к Архызу я очень рекомендую сделать небольшую остановку в Зеленчукской (50 км не доезжая до Архыза) и докупить в «Пятерочке» продукты, если вы планируете готовить что-то сами (завтраки / мясо на мангале и т.д.) – в Архызе есть только небольшие магазины с довольно ограниченным ассортиментом. А выбор мяса/ курицы/ сосисок для жарки там в целом довольно унылый… <br><br>\r\nСамый быстрый способ — прилететь в Минеральные Воды и взять такси. Цена — от 4000 рублей за машину у Яндекс-такси. Есть ещё местные перевозчики (например, arhyz-transfer.ru, arhyz-resort.ru/taxi) — отзывы о них хорошие, но цены нужно уточнять, потому что информация на сайтах не обновлялась с момента их создания. Ехать около трёх часов. Если вылететь утром в субботу, после обеда уже можно гулять по горам. <br><br>\r\nНасколько я знаю, до Архыза ходит и рейсовый транспорт, но мы им никогда не пользовались, так что деталей я не подскажу.",
    "description_accommodation": "Жилья в Архызе полно: частные гостиницы, коттеджи, гостевые дома, турбазы и два больших пансионата. Почти всё можно заранее забронировать на Авито или Островке, или найти контакты на Яндекс-картах. <br><br>\r\nВ посёлке много продуктовых магазинов и кафе — почти все они сосредоточены на центральной улице поселка. Однако учитывайте, что ассортимент в магазинах не очень богатый – если вы едете на машине и есть возможность купить мясо, овощи и фрукты по дороге (например, в Зеленчукской), то очень советую сделать это. Недалеко от мечети дежурят машины в ожидании туристов — в горы способны проехать только внедорожники. С водителем можно договориться, чтобы он отвёз на место и подождал, или забрал в определённое время. Договариваться нужно обязательно заранее, потому что связи в горах нет и вызвать машину оттуда не получится. В 2023 году цена заброски на большинство маршрутов была 7000 руб. за машину (цена за дорогу туда-обратно). <br><br>\r\nВ 10 километрах выше посёлка Архыз активно строится и развивается горнолыжный курорт Романтик. Это маленькая горнолыжная деревня со своей инфраструктурой: гостиницами, кафе, магазинами и прокатом снаряжения. Уровень цен выше, чем в посёлке, даже летом, но всё новое и современное. <br><br>\r\nИз летних развлечений здесь есть верёвочный парк, прокат велосипедов и квадроциклов, джипинг и рафтинг. Можно подняться на канатной дороге на северный или южный склон. Из минусов: стройка продолжается до сих пор, как и в самом посёлке Архыз.",
    "main_image": "regions/main/region_dombay_main_16_9.jpg",
    "mobile_image": "regions/main/region_dombay_main_mobile.jpg"
  }
},
{
  "model": "trails.region",
  "pk": 2,
  "fields": {
    "name": "Архыз",
    "slug": "arkhyz",
    "description_intro": "Архыз — это уютные и доступные горы на Западном Кавказе. Здесь мягкий климат, близкие расстояния и множество маршрутов, которые по силам не только альпинистам и спортивным туристам, но и всем, кто умеет и любит ходить. За один день можно подняться до 3000 м, увидеть озёра, водопады и крышесносные панорамы Кавказского хребта во главе с Эльбрусом. Всё это делает горы Архыза идеальными для первых походов — от однодневных треккингов до категорийных маршрутов. <br><br>\r\nГоры Архыза притягивают бесчисленным количеством озер с прозрачной как хрусталь водой, искрящимися водопадами, плюшевыми склонами гор и чистым воздухом. Кроме того, в Архызе огромный выбор жилья в формате небольших домиков с верандой и мангалом, где невероятно приятно отдохнуть после насыщенного приключениями дня в горах.",
    "description_seasons": "Полноценный походный сезон в Архызе начинается в конце мая-начале июня. Однако стоит учитывать, что в это время в горах ещё лежит снег, что несколько усложняет высотные участки маршрутов. В июне цветут альпийские луга и горы превращаются в разноцветный ковёр — это очень красивое время. В начале лета снег ещё лежит на северных склонах, но ходить в походы уже комфортно. В июне цветут альпийские луга и горы превращаются в разноцветный ковёр — это очень красивое время. Только горные озёра ещё спрятаны подо льдом, открываются они обычно к концу июля.<br><br>\r\nПо-настоящему летний сезон в горах Архыза начинается в конце июня — начале июля. А июль — настоящее цветущее лето. Снег остался только на высоких перевалах, а альпийские луга утопают в цветах. Август и начало сентября идеальны для походов далеко в горы. Это самое тёплое и сухое время в Архызе — снега нет, все озёра открыты, все перевалы доступны, а погода самая устойчивая. Именно в это время можно застать неделю безоблачных дней подряд, что большая редкость для Кавказских гор. В августе поспевает черника и малина, можно здорово разнообразить походный рацион. <br><br>\r\nЛето длится примерно до середины сентября, а дальше как повезёт. В сентябре могут ударить заморозки, а в середине октября вернуться лето. Разгар золотой осени приходится на начало — середину октября, и в это время часто бывают тёплые солнечные дни. Это невероятно красивое время с самыми яркими красками. Но могут зарядить дожди, а то и выпасть снег — раз на раз не приходится. В это время поспевают чинарики — орешки бука, которого много на северной окраине посёлка.",
    "description_geo": "Посёлок Архыз расположился в котловине, окруженной со всех сторон горными хребтами. В каждом хребте свой неповторимый рельеф и свои интересные маршруты. <br><br>\r\nС севера и северо-запада район ограничен хребтом Абишира-Ахуба, длинным, как хвост дракона. Ближе к посёлку склоны покрыты лесом и травой, а дальше на восток обрываются гладкими монолитами. Большинство вершин в хребте имеют высоту около 3000 м, здесь нет ледников и суровых скал, зато много простых маршрутов и красивых озёр. <br><br>\r\nНа востоке возвышается хребет Ужум. На одном из его склонов расположена астрофизическая обсерватория, а с пешеходной точки зрения интересен самый близкий к посёлку небольшой отрожек — хребет Морг-Сырты. Горы здесь как будто плюшевые, есть несколько озёр и несложная для восхождения вершина Красная. <br><br>\r\nНа западе вытянулся хребет Аркасара. Здесь рельеф на любой вкус: от плюшевых холмов до скал и ледников, и множество озёр, самые известные из которых — Семицветное и Дуккинские (или Аркасарские). <br><br>\r\nНа юге район ограничен Главным Кавказским хребтом с его вечными ледниками и острыми скальными пиками. Самая высокая вершина здесь — гора Пшиш (3790 м), доступная только альпинистам. Чуть к северу ответвляется Софийский хребет во главе с вершиной София (3637 м) — её приметный купол видно практически из любой точки Архыза. В Софийском хребте множество красивых озёр, которые доступны для однодневных маршрутов, и самые известные достопримечательности Архыза — Софийские водопады и Софийские озера.",
    "description_transport": "Добираться в Архыз проще всего на своей машине. Дорога из Москвы, например, займет около 20 часов. Удобно заночевать в Ростове-на-Дону, где большой выбор жилья и кафе. По дороге из Ростова в Архыз / Домбай мы любим заехать на рынок в город Кропоткин – городок совершенно не туристический, в нем можно очень недорого закупиться вкусными фруктами и овощами – в горах качество и выбор этих продуктов, увы, так себе. На подъезде к Архызу я очень рекомендую сделать небольшую остановку в Зеленчукской (50 км не доезжая до Архыза) и докупить в «Пятерочке» продукты, если вы планируете готовить что-то сами (завтраки / мясо на мангале и т.д.) – в Архызе есть только небольшие магазины с довольно ограниченным ассортиментом. А выбор мяса/ курицы/ сосисок для жарки там в целом довольно унылый… <br><br>\r\nСамый быстрый способ — прилететь в Минеральные Воды и взять такси. Цена — от 4000 рублей за машину у Яндекс-такси. Есть ещё местные перевозчики (например, arhyz-transfer.ru, arhyz-resort.ru/taxi) — отзывы о них хорошие, но цены нужно уточнять, потому что информация на сайтах не обновлялась с момента их создания. Ехать около трёх часов. Если вылететь утром в субботу, после обеда уже можно гулять по горам. <br><br>\r\nНасколько я знаю, до Архыза ходит и рейсовый транспорт, но мы им никогда не пользовались, так что деталей я не подскажу.",
    "description_accommodation": "Жилья в Архызе полно: частные гостиницы, коттеджи, гостевые дома, турбазы и два больших пансионата. Почти всё можно заранее забронировать на Авито или Островке, или найти контакты на Яндекс-картах. <br><br>\r\nВ посёлке много продуктовых магазинов и кафе — почти все они сосредоточены на центральной улице поселка. Однако учитывайте, что ассортимент в магазинах не очень богатый – если вы едете на машине и есть возможность купить мясо, овощи и фрукты по дороге (например, в Зеленчукской), то очень советую сделать это. Недалеко от мечети дежурят машины в ожидании туристов — в горы способны проехать только внедорожники. С водителем можно договориться, чтобы он отвёз на место и подождал, или забрал в определённое время. Договариваться нужно обязательно заранее, потому что связи в горах нет и вызвать машину оттуда не получится. В 2023 году цена заброски на большинство маршрутов была 7000 руб. за машину (цена за дорогу туда-обратно). <br><br>\r\nВ 10 километрах выше посёлка Архыз активно строится и развивается горнолыжный курорт Романтик. Это маленькая горнолыжная деревня со своей инфраструктурой: гостиницами, кафе, магазинами и прокатом снаряжения. Уровень цен выше, чем в посёлке, даже летом, но всё новое и современное. <br><br>\r\nИз летних развлечений здесь есть верёвочный парк, прокат велосипедов и квадроциклов, джипинг и рафтинг. Можно подняться на канатной дороге на северный или южный склон. Из минусов: стройка продолжается до сих пор, как и в самом посёлке Архыз.",
    "main_image": "regions/main/arkhyz.jpg",
    "mobile_image": "regions/main/arkhyz_mobile.jpg"
  }
},
{
  "model": "trails.region",
  "pk": 3,
  "fields": {
    "name": "Безенги",
    "slug": "bezengi",
    "description_intro": "Архыз — это уютные и доступные горы на Западном Кавказе. Здесь мягкий климат, близкие расстояния и множество маршрутов, которые по силам не только альпинистам и спортивным туристам, но и всем, кто умеет и любит ходить. За один день можно подняться до 3000 м, увидеть озёра, водопады и крышесносные панорамы Кавказского хребта во главе с Эльбрусом. Всё это делает горы Архыза идеальными для первых походов — от однодневных треккингов до категорийных маршрутов. <br><br>\r\nГоры Архыза притягивают бесчисленным количеством озер с прозрачной как хрусталь водой, искрящимися водопадами, плюшевыми склонами гор и чистым воздухом. Кроме того, в Архызе огромный выбор жилья в формате небольших домиков с верандой и мангалом, где невероятно приятно отдохнуть после насыщенного приключениями дня в горах.",
    "description_seasons": "Полноценный походный сезон в Архызе начинается в конце мая-начале июня. Однако стоит учитывать, что в это время в горах ещё лежит снег, что несколько усложняет высотные участки маршрутов. В июне цветут альпийские луга и горы превращаются в разноцветный ковёр — это очень красивое время. В начале лета снег ещё лежит на северных склонах, но ходить в походы уже комфортно. В июне цветут альпийские луга и горы превращаются в разноцветный ковёр — это очень красивое время. Только горные озёра ещё спрятаны подо льдом, открываются они обычно к концу июля.<br><br>\r\nПо-настоящему летний сезон в горах Архыза начинается в конце июня — начале июля. А июль — настоящее цветущее лето. Снег остался только на высоких перевалах, а альпийские луга утопают в цветах. Август и начало сентября идеальны для походов далеко в горы. Это самое тёплое и сухое время в Архызе — снега нет, все озёра открыты, все перевалы доступны, а погода самая устойчивая. Именно в это время можно застать неделю безоблачных дней подряд, что большая редкость для Кавказских гор. В августе поспевает черника и малина, можно здорово разнообразить походный рацион. <br><br>\r\nЛето длится примерно до середины сентября, а дальше как повезёт. В сентябре могут ударить заморозки, а в середине октября вернуться лето. Разгар золотой осени приходится на начало — середину октября, и в это время часто бывают тёплые солнечные дни. Это невероятно красивое время с самыми яркими красками. Но могут зарядить дожди, а то и выпасть снег — раз на раз не приходится. В это время поспевают чинарики — орешки бука, которого много на северной окраине посёлка.",
    "description_geo": "Посёлок Архыз расположился в котловине, окруженной со всех сторон горными хребтами. В каждом хребте свой неповторимый рельеф и свои интересные маршруты. <br><br>\r\nС севера и северо-запада район ограничен хребтом Абишира-Ахуба, длинным, как хвост дракона. Ближе к посёлку склоны покрыты лесом и травой, а дальше на восток обрываются гладкими монолитами. Большинство вершин в хребте имеют высоту около 3000 м, здесь нет ледников и суровых скал, зато много простых маршрутов и красивых озёр. <br><br>\r\nНа востоке возвышается хребет Ужум. На одном из его склонов расположена астрофизическая обсерватория, а с пешеходной точки зрения интересен самый близкий к посёлку небольшой отрожек — хребет Морг-Сырты. Горы здесь как будто плюшевые, есть несколько озёр и несложная для восхождения вершина Красная. <br><br>\r\nНа западе вытянулся хребет Аркасара. Здесь рельеф на любой вкус: от плюшевых холмов до скал и ледников, и множество озёр, самые известные из которых — Семицветное и Дуккинские (или Аркасарские). <br><br>\r\nНа юге район ограничен Главным Кавказским хребтом с его вечными ледниками и острыми скальными пиками. Самая высокая вершина здесь — гора Пшиш (3790 м), доступная только альпинистам. Чуть к северу ответвляется Софийский хребет во главе с вершиной София (3637 м) — её приметный купол видно практически из любой точки Архыза. В Софийском хребте множество красивых озёр, которые доступны для однодневных маршрутов, и самые известные достопримечательности Архыза — Софийские водопады и Софийские озера.",
    "description_transport": "Добираться в Архыз проще всего на своей машине. Дорога из Москвы, например, займет около 20 часов. Удобно заночевать в Ростове-на-Дону, где большой выбор жилья и кафе. По дороге из Ростова в Архыз / Домбай мы любим заехать на рынок в город Кропоткин – городок совершенно не туристический, в нем можно очень недорого закупиться вкусными фруктами и овощами – в горах качество и выбор этих продуктов, увы, так себе. На подъезде к Архызу я очень рекомендую сделать небольшую остановку в Зеленчукской (50 км не доезжая до Архыза) и докупить в «Пятерочке» продукты, если вы планируете готовить что-то сами (завтраки / мясо на мангале и т.д.) – в Архызе есть только небольшие магазины с довольно ограниченным ассортиментом. А выбор мяса/ курицы/ сосисок для жарки там в целом довольно унылый… <br><br>\r\nСамый быстрый способ — прилететь в Минеральные Воды и взять такси. Цена — от 4000 рублей за машину у Яндекс-такси. Есть ещё местные перевозчики (например, arhyz-transfer.ru, arhyz-resort.ru/taxi) — отзывы о них хорошие, но цены нужно уточнять, потому что информация на сайтах не обновлялась с момента их создания. Ехать около трёх часов. Если вылететь утром в субботу, после обеда уже можно гулять по горам. <br><br>\r\nНасколько я знаю, до Архыза ходит и рейсовый транспорт, но мы им никогда не пользовались, так что деталей я не подскажу.",
    "description_accommodation": "Жилья в Архызе полно: частные гостиницы, коттеджи, гостевые дома, турбазы и два больших пансионата. Почти всё можно заранее забронировать на Авито или Островке, или найти контакты на Яндекс-картах. <br><br>\r\nВ посёлке много продуктовых магазинов и кафе — почти все они сосредоточены на центральной улице поселка. Однако учитывайте, что ассортимент в магазинах не очень богатый – если вы едете на машине и есть возможность купить мясо, овощи и фрукты по дороге (например, в Зеленчукской), то очень советую сделать это. Недалеко от мечети дежурят машины в ожидании туристов — в горы способны проехать только внедорожники. С водителем можно договориться, чтобы он отвёз на место и подождал, или забрал в определённое время. Договариваться нужно обязательно заранее, потому что связи в горах нет и вызвать машину оттуда не получится. В 2023 году цена заброски на большинство маршрутов была 7000 руб. за машину (цена за дорогу туда-обратно). <br><br>\r\nВ 10 километрах выше посёлка Архыз активно строится и развивается горнолыжный курорт Романтик. Это маленькая горнолыжная деревня со своей инфраструктурой: гостиницами, кафе, магазинами и прокатом снаряжения. Уровень цен выше, чем в посёлке, даже летом, но всё новое и современное. <br><br>\r\nИз летних развлечений здесь есть верёвочный парк, прокат велосипедов и квадроциклов, джипинг и рафтинг. Можно подняться на канатной дороге на северный или южный склон. Из минусов: стройка продолжается до сих пор, как и в самом посёлке Архыз.",
    "main_image": "regions/main/region_bezengi_main_16_9.jpg",
    "mobile_image": "regions/main/region_bezengi_main_mobile.jpg"
  }
},
{
  "model": "trails.region",
  "pk": 4,
  "fields": {
    "name": "Приэльбрусье",
    "slug": "elbrus",
    "description_intro": "Архыз — это уютные и доступные горы на Западном Кавказе. Здесь мягкий климат, близкие расстояния и множество маршрутов, которые по силам не только альпинистам и спортивным туристам, но и всем, кто умеет и любит ходить. За один день можно подняться до 3000 м, увидеть озёра, водопады и крышесносные панорамы Кавказского хребта во главе с Эльбрусом. Всё это делает горы Архыза идеальными для первых походов — от однодневных треккингов до категорийных маршрутов. <br><br>\r\nГоры Архыза притягивают бесчисленным количеством озер с прозрачной как хрусталь водой, искрящимися водопадами, плюшевыми склонами гор и чистым воздухом. Кроме того, в Архызе огромный выбор жилья в формате небольших домиков с верандой и мангалом, где невероятно приятно отдохнуть после насыщенного приключениями дня в горах.",
    "description_seasons": "Полноценный походный сезон в Архызе начинается в конце мая-начале июня. Однако стоит учитывать, что в это время в горах ещё лежит снег, что несколько усложняет высотные участки маршрутов. В июне цветут альпийские луга и горы превращаются в разноцветный ковёр — это очень красивое время. В начале лета снег ещё лежит на северных склонах, но ходить в походы уже комфортно. В июне цветут альпийские луга и горы превращаются в разноцветный ковёр — это очень красивое время. Только горные озёра ещё спрятаны подо льдом, открываются они обычно к концу июля.<br><br>\r\nПо-настоящему летний сезон в горах Архыза начинается в конце июня — начале июля. А июль — настоящее цветущее лето. Снег остался только на высоких перевалах, а альпийские луга утопают в цветах. Август и начало сентября идеальны для походов далеко в горы. Это самое тёплое и сухое время в Архызе — снега нет, все озёра открыты, все перевалы доступны, а погода самая устойчивая. Именно в это время можно застать неделю безоблачных дней подряд, что большая редкость для Кавказских гор. В августе поспевает черника и малина, можно здорово разнообразить походный рацион. <br><br>\r\nЛето длится примерно до середины сентября, а дальше как повезёт. В сентябре могут ударить заморозки, а в середине октября вернуться лето. Разгар золотой осени приходится на начало — середину октября, и в это время часто бывают тёплые солнечные дни. Это невероятно красивое время с самыми яркими красками. Но могут зарядить дожди, а то и выпасть снег — раз на раз не приходится. В это время поспевают чинарики — орешки бука, которого много на северной окраине посёлка.",
    "description_geo": "Посёлок Архыз расположился в котловине, окруженной со всех сторон горными хребтами. В каждом хребте свой неповторимый рельеф и свои интересные маршруты. <br><br>\r\nС севера и северо-запада район ограничен хребтом Абишира-Ахуба, длинным, как хвост дракона. Ближе к посёлку склоны покрыты лесом и травой, а дальше на восток обрываются гладкими монолитами. Большинство вершин в хребте имеют высоту около 3000 м, здесь нет ледников и суровых скал, зато много простых маршрутов и красивых озёр. <br><br>\r\nНа востоке возвышается хребет Ужум. На одном из его склонов расположена астрофизическая обсерватория, а с пешеходной точки зрения интересен самый близкий к посёлку небольшой отрожек — хребет Морг-Сырты. Горы здесь как будто плюшевые, есть несколько озёр и несложная для восхождения вершина Красная. <br><br>\r\nНа западе вытянулся хребет Аркасара. Здесь рельеф на любой вкус: от плюшевых холмов до скал и ледников, и множество озёр, самые известные из которых — Семицветное и Дуккинские (или Аркасарские). <br><br>\r\nНа юге район ограничен Главным Кавказским хребтом с его вечными ледниками и острыми скальными пиками. Самая высокая вершина здесь — гора Пшиш (3790 м), доступная только альпинистам. Чуть к северу ответвляется Софийский хребет во главе с вершиной София (3637 м) — её приметный купол видно практически из любой точки Архыза. В Софийском хребте множество красивых озёр, которые доступны для однодневных маршрутов, и самые известные достопримечательности Архыза — Софийские водопады и Софийские озера.",
    "description_transport": "Добираться в Архыз проще всего на своей машине. Дорога из Москвы, например, займет около 20 часов. Удобно заночевать в Ростове-на-Дону, где большой выбор жилья и кафе. По дороге из Ростова в Архыз / Домбай мы любим заехать на рынок в город Кропоткин – городок совершенно не туристический, в нем можно очень недорого закупиться вкусными фруктами и овощами – в горах качество и выбор этих продуктов, увы, так себе. На подъезде к Архызу я очень рекомендую сделать небольшую остановку в Зеленчукской (50 км не доезжая до Архыза) и докупить в «Пятерочке» продукты, если вы планируете готовить что-то сами (завтраки / мясо на мангале и т.д.) – в Архызе есть только небольшие магазины с довольно ограниченным ассортиментом. А выбор мяса/ курицы/ сосисок для жарки там в целом довольно унылый… <br><br>\r\nСамый быстрый способ — прилететь в Минеральные Воды и взять такси. Цена — от 4000 рублей за машину у Яндекс-такси. Есть ещё местные перевозчики (например, arhyz-transfer.ru, arhyz-resort.ru/taxi) — отзывы о них хорошие, но цены нужно уточнять, потому что информация на сайтах не обновлялась с момента их создания. Ехать около трёх часов. Если вылететь утром в субботу, после обеда уже можно гулять по горам. <br><br>\r\nНасколько я знаю, до Архыза ходит и рейсовый транспорт, но мы им никогда не пользовались, так что деталей я не подскажу.",
    "description_accommodation": "Жилья в Архызе полно: частные гостиницы, коттеджи, гостевые дома, турбазы и два больших пансионата. Почти всё можно заранее забронировать на Авито или Островке, или найти контакты на Яндекс-картах. <br><br>\r\nВ посёлке много продуктовых магазинов и кафе — почти все они сосредоточены на центральной улице поселка. Однако учитывайте, что ассортимент в магазинах не очень богатый – если вы едете на машине и есть возможность купить мясо, овощи и фрукты по дороге (например, в Зеленчукской), то очень советую сделать это. Недалеко от мечети дежурят машины в ожидании туристов — в горы способны проехать только внедорожники. С водителем можно договориться, чтобы он отвёз на место и подождал, или забрал в определённое время. Договариваться нужно обязательно заранее, потому что связи в горах нет и вызвать машину оттуда не получится. В 2023 году цена заброски на большинство маршрутов была 7000 руб. за машину (цена за дорогу туда-обратно). <br><br>\r\nВ 10 километрах выше посёлка Архыз активно строится и развивается горнолыжный курорт Романтик. Это маленькая горнолыжная деревня со своей инфраструктурой: гостиницами, кафе, магазинами и прокатом снаряжения. Уровень цен выше, чем в посёлке, даже летом, но всё новое и современное. <br><br>\r\nИз летних развлечений здесь есть верёвочный парк, прокат велосипедов и квадроциклов, джипинг и рафтинг. Можно подняться на канатной дороге на северный или южный склон. Из минусов: стройка продолжается до сих пор, как и в самом посёлке Архыз.",
    "main_image": "regions/main/region_elbrus_main_16_9.jpg",
    "mobile_image": "regions/main/region_elbrus_main_mobile.jpg"
  }
},
{
  "model": "trails.trail",
  "pk": 1,
  "fields": {
    "name": "Озеро Любви",
    "slug": "ozero-lyubvi",
    "short_description": "Это небольшое озеро в форме сердца лежит на высоте 2 350 м в хребте Морх-Сырты, к юго-востоку от посёлка Архыз. Маршрут требует средней физподготовки — набор высоты составит почти километр. Также есть вариант подняться до озера на лошади – об этой услуге можно договориться рядом со входом в заповедник.",
    "full_description": "Маршрут проходит по территории Архызского участка Тебердинского заповедника, поэтому на входе нужно оплатить рекреационный сбор (около 200 руб. за человека). На развилке у домика-кассы сверните налево – вы окажетесь на грунтовой дороге, идущей параллельно реке Большой Зеленчук (сама река будет шуметь где-то внизу по левую руку от вас). Первые 2,5 км дорога идет практически без набора высоты и можно спокойно наслаждаться красивым хвойным лесом вокруг.<br><br>\r\nПримерно в 1 км от старта маршрута вправо уходит тропа на Казачий водопад – в самом ее начале стоит деревянная арка, так что не пропустите – можно прогуляться и до него (примерно 700 м в одну сторону), но лучше оставить эту прогулку на обратный путь, чтобы сэкономить силы перед затяжным подъемом к озеру Любви. Тропа несколько раз пересекает ручьи, но везде можно преодолеть эту преграду по камням. <br><br>\r\nЧерез 2,5 км от старта (или через 1,5 км от поворота к водопаду) тропа круто поворачивает направо. В качестве подсказки для туристов в этом месте на березе с несколькими стволами прибита стрелка-указатель, но в целом и тропа так хорошо натоптана, что этот поворот, мне кажется, пропустить невозможно. Сразу после поворота начинается крутой затяжной подъем - сначала по хвойному лесу с огромными пихтами, которым несколько сотен лет, потом по берёзовому редколесью. Тропа ведёт на перевал Архызское седло, но чуть не доходя на него, нужно свернуть на хорошо заметную тропу вправо — через полчаса она приведёт к озеру. Здесь приятно отдохнуть, пообедать и искупаться при желании, хотя вода всегда холодная. <br><br>\r\nВся красота необычной формы озера открывается сверху, поэтому чтобы как следует рассмотреть его, можно подняться чуть выше.",
    "start_point_description": "На перекрестке центральной улицы Архыза и улицы с мечетью поверните в сторону реки Большой Зеленчук. После моста дорога поднимается в небольшую горку, и примерно через 200 метров по правую руку от вас будет калитка - это вход в заповедник.",
    "start_point": "43.560396, 41.285206",
    "region": 2,
    "level": "middle",
    "distance": 14,
    "time": "5-7 часов",
    "elevation_gain": 1000,
    "aqua": "до начала крутого подъёма дорогу несколько раз пересекают ручьи. У последнего ручья перед подъёмом нужно запастись водой — дальше её не будет до озера.",
    "route_type": "point",
    "route_image": "https://mapmagic.app/embed?routes=6EdNDw0",
    "main_image": "trails/main/main.jpg",
    "mobile_image": "trails/main/ozero_lyubvi_main_mobile.jpg",
    "card_image": "trails/cards/ozero_lyubvi_main_mini.jpg",
    "previous_trail": null,
    "next_trail": null,
    "created": "2023-10-23T21:47:51.063Z",
    "is_published": true
  }
},
{
  "model": "trails.trail",
  "pk": 2,
  "fields": {
    "name": "Скала Карча-тёбе",
    "slug": "skala-karcha-tyobe",
    "short_description": "Самый простой и самый близкий к Архызу маршрут, который позволяет окунуться в атмосферу сказочного леса, увидеть развалины древней аланской башни и посмотреть на посёлок с высоты.",
    "full_description": "От центра посёлка нужно пройти на его северную окраину, к подножью хребта Абишира-Ахуба. Там свернуть направо и идти вдоль хребта по грунтовой дороге. Примерно через километр она поворачивает влево и уходит вверх по склону. <br><br>\r\nПоднимаясь по дороге, нужно внимательно смотреть влево: через полкилометра от поворота будет тропа, уходящая в лес. По ней останется пройти ещё полкилометра с довольно крутым набором высоты. Тропа приводит к скальному выходу, где сохранились развалины древней аланской башни. Вокруг — огромные пихты и папоротники, заросшие мхом камни, мох свисает с деревьев… В этом месте всегда тихо и уютно, много туристов не бывает, можно сидеть и изучать окрестные горы, пока не надоест.",
    "start_point_description": "центр посёлка Архыз",
    "start_point": "43.562820, 41.280276",
    "region": 2,
    "level": "easy",
    "distance": 5,
    "time": "2-3 часа",
    "elevation_gain": 200,
    "aqua": "воды нет, нужно брать с собой",
    "route_type": "point",
    "route_image": "https://mapmagic.app/embed?routes=0gR2PMV",
    "main_image": "trails/main/karcha-tebe_main_16_9.jpg",
    "mobile_image": "trails/main/karcha-tebe_main_mobile.jpg",
    "card_image": "trails/cards/karcha-tebe_main_mini.jpg",
    "previous_trail": null,
    "next_trail": null,
    "created": "2023-10-24T12:40:03.622Z",
    "is_published": true
  }
},
{
  "model": "trails.trail",
  "pk": 3,
  "fields": {
    "name": "Дуккинские озёра",
    "slug": "dukkinskie-ozyora",
    "short_description": "Простой кольцевой маршрут, позволяющий за один день увидеть три больших и совершенно разных озера в долине реки Малая Дукка (их ещё называют Аркасарскими, от названия хребта Аркасара, у подножия которого лежат все три озера). На протяжении всего маршрута — хорошая тропа, сбиться с пути практически невозможно.",
    "full_description": "В долину реки Малая Дукка от посёлка Архыз нужно добираться на машине, причём до коша проедет только внедорожник.<br><br>\r\nДолина красива в любой летний месяц: в июне здесь цветут рододендроны, в июле цветёт вообще всё, а в августе поля усыпаны жёлтыми крокусами (он же шафран). <br><br>\r\nВозле одного из истоков Малой Дукки тропа раздваивается: лучше выбрать правую, а по левой спускаться обратно. Тропа поднимается по очереди к трём озёрам на Малой Дукке. На картах OSM им дали названия Рыбка, Аркасарское и Сказка Кавказа. <br><br>\r\nНе доходя до третьего, самого большого озера, можно подняться на несложный перевал и посмотреть на озеро сверху — вид будет намного лучше. <br><br>\r\nОт третьего озера тропа пересекает два мелких истока Малой Дукки и спускается обратно к развилке, где мы сворачивали направо. Отсюда 2.5 км до коша.",
    "start_point_description": "кош (домик пастухов) на реке Малая Дукка.",
    "start_point": "43.549327, 41.07777",
    "region": 2,
    "level": "middle",
    "distance": 10,
    "time": "6-7 часов",
    "elevation_gain": 600,
    "aqua": "тропа почти всю дорогу идёт рядом с рекой, так что вода есть постоянно.",
    "route_type": "loop",
    "route_image": "https://mapmagic.app/embed?routes=64LyBm6",
    "main_image": "trails/main/dukkinskie_main_16_9.jpg",
    "mobile_image": "trails/main/dukkinskie_main_mobile.jpg",
    "card_image": "trails/cards/dukkinskie_main_mini.jpg",
    "previous_trail": null,
    "next_trail": null,
    "created": "2023-10-24T13:23:52.464Z",
    "is_published": true
  }
},
{
  "model": "trails.trail",
  "pk": 4,
  "fields": {
    "name": "Баритовый водопад",
    "slug": "baritoviy-vodopad",
    "short_description": "Короткий, но не совсем простой маршрут с приличным набором высоты и красивыми горными пейзажами. В конце подъёма можно искупаться в мощном водопаде — это отлично восстанавливает силы.",
    "full_description": "От центра посёлка нужно идти по дороге на север, к подножию хребта Абишира-Ахуба. Там дорога поворачивает вправо, а вскоре у широкого ручья от неё отходит тропа влево и вверх по склону. По этой тропе до водопада 1-2 часа в зависимости от подготовки. Часть пути проходит по хвойному лесу — это самый приятный участок в жаркий день, там всегда тень и прохлада. В этих местах когда-то добывали минерал барит — внизу сохранилась небольшая штольня, а около водопада можно найти блестящие камни. <br><br>\r\nВодопад особенно красивый и полноводный в первой половине лета. После довольно напряжённого подъёма под ним приятно искупаться, хотя вода очень холодная.",
    "start_point_description": "Тропа начинается на северной окраине поселка Архыз",
    "start_point": "43.571552, 41.277271",
    "region": 2,
    "level": "middle",
    "distance": 4,
    "time": "3-4 часа",
    "elevation_gain": 600,
    "aqua": "набрать воду лучше в ручье у начала подъёма, потом она будет только у водопада. Река хоть и рядом с тропой, но течёт в глубокой балке и подойти к ней не получится.",
    "route_type": "point",
    "route_image": "https://mapmagic.app/embed?routes=9D1j4rV",
    "main_image": "trails/main/baritoviy_main_16_9.jpg",
    "mobile_image": "trails/main/baritoviy_main_mobile.jpg",
    "card_image": "trails/cards/baritoviy_main_mini.jpg",
    "previous_trail": null,
    "next_trail": 5,
    "created": "2023-10-31T08:19:54.758Z",
    "is_published": true
  }
},
{
  "model": "trails.trail",
  "pk": 5,
  "fields": {
    "name": "Вершины Абишира-Ахуба",
    "slug": "vershiny-abishira-ahuba",
    "short_description": "Две самые доступные вершины в хребте Абишира-Ахуба — Джамараклитебе и пик Пионеров. Сюда можно подняться пешком прямо из посёлка Архыз и посмотреть на окрестные горы с высоты 3000+ м. Путь к вершинам несложен, но очень напряжённый физически, поэтому подходит для тех, кто готов за день набрать и сбросить полтора километра по вертикали. Хотя развернуться можно в любой момент — красивые виды там на протяжении всего пути.",
    "full_description": "У маршрута есть три варианта:<br><br>\r\n1.\tПодъём на Джамараклитебе технически самый простой (то есть зайти можно пешком в кроссовках) и доступен с мая по октябрь (а в тёплые годы и ноябрь), потому что снег там тает очень рано. Длина маршрута 15 км, набор высоты 1500 м. <br><br>\r\n2.\tПодъём на пик Пионеров дольше и сложнее, а из-за снега на перевале доступен для прохождения в лайт-режиме (в кроссовках и без снаряжения) только в июле-августе. Длина маршрута 17 км, набор высоты 1600 м. <br><br>\r\n3. Подъём на обе вершины рекомендуется только опытным туристам, уверенным в своих силах. А ещё это отличный вариант для спидхайкинга, по гребню можно чудесно пробежаться. Длина маршрута 20 км, набор высоты 1700 м. <br><br>\r\nВсе варианты начинаются одинаково — с маршрута на Баритовый водопад. Перед водопадом тропа переходит на другой берег — в этом месте ручей легко перепрыгнуть по камням. Самая крутая часть пути осталась позади, тропа серпантином поднимается через редкие сосны в зону альпийских лугов. Буквально через пять минут от водопада открывается потрясающий вид на лежащий внизу посёлок и соседние горы. И чем выше, тем лучше вид. <br><br>\r\nТропа выводит на широкий пологий гребень хребта Абишира-Ахуба, между перевалами Баритовый и Пионер. От водопада сюда примерно 2-2.5 часа ходу. Здесь надо выбрать направление: вправо на Джамараклитебе, влево на пик Пионеров. <br><br> \r\nДо скалистой вершинки Джамараклитебе идти около получаса траверсом гребня. <br><br>\r\nДо пика Пионеров от развилки не меньше часа. Нужно пройти через перевалы Баритовый и Архыз и подняться на вершину. Важный момент: у перевала Архыз довольно крутой перевальный взлёт, где до конца июля лежит снег. В этом случае обязательны треккинговые ботинки и палки. На Джамараклитебе можно подняться в кроссовках в любой месяц лета. <br><br>\r\nВид на юг с обеих точек одинаковый: внизу посёлок Архыз, вдали вершины Кавказского хребта. А вот вид на север с пика Пионеров поинтереснее: на марсианские пейзажи Агурского плато и озеро Запрудное.",
    "start_point_description": "первая часть маршрута - это трек до Баритового водопада. Подъем на хребет начинается сразу после водопада.",
    "start_point": "43.571552, 41.277271",
    "region": 2,
    "level": "hard",
    "distance": 15,
    "time": "9-12 часов",
    "elevation_gain": 1500,
    "aqua": "у водопада нужно набрать воды для дальнейшего пути — дальше до самой вершины будет только один ручей, причём в стороне от маршрута.",
    "route_type": "point",
    "route_image": "https://mapmagic.app/embed?routes=6nRana6",
    "main_image": "trails/main/vershiny_abishira_main_16_9.jpg",
    "mobile_image": "trails/main/vershiny_abishira_main_mobile.jpg",
    "card_image": "trails/cards/vershiny_abishira_main_mini.jpg",
    "previous_trail": 4,
    "next_trail": null,
    "created": "2023-10-31T08:56:55.196Z",
    "is_published": true
  }
},
{
  "model": "trails.trail",
  "pk": 6,
  "fields": {
    "name": "Алибекский водопад",
    "slug": "alibekskij-vodopad",
    "short_description": "Несложный маршрут к живописному водопаду - прекрасный вариант для того, чтобы акклиматизироваться и размяться. На протяжении всего маршрута почти нет набора высоты, а те, кто не любит долго идти пешком, могут воспользоваться услугами заброски и пройти только последние пару километров до водопада.",
    "full_description": "Первой точкой на маршруте, примерно через 1,3 км, будет кладбище альпинистов. Многие из здешних памятников являются мемориалами в честь тех, кто остался в горах навсегда. Пройдя ещё 2 км, вы окажетесь на территории альпинистского лагеря «Алибек». Ещё через 1 км — общий набор высоты составит уже 300 метров — вы окажетесь на поляне Узун-Тала. Здесь тропа разделяется на две ветви: правая ведёт к Турьему озеру (1560 м), левая — к водопаду Алибек (650 м). В целом нет большой разницы, что посетить сначала, но озеро считается конечной точкой маршрута.<br><br>\r\nАлибекский водопад — один из самых больших водопадов в Домбае, это река Джаловчатка падает с Алибекского ледника. Турье озеро — бирюзовое озеро среди гор и ледников. Однако бывает, что проход к озеру закрыт из-за сломанных мостиков на подходе к нему. Так было, например, в 2019 и 2020 годах.<br><br>\r\nОбратно необходимо будет вернуться той же дорогой.",
    "start_point_description": "Маршрут начинается при входе в Тебердинский заповедник - от пансионата \"Солнечная долина\" нужно пройти по грунтовой дороге около 500 м",
    "start_point": "43.290677, 41.618026",
    "region": 1,
    "level": "easy",
    "distance": 12,
    "time": "4-5 часов",
    "elevation_gain": 400,
    "aqua": "можно пополнить запас воды в ручье около альплагеря Алибек или около водопада",
    "route_type": "point",
    "route_image": "https://mapmagic.app/embed?routes=9rZgLW9",
    "main_image": "trails/main/alibekskiy_vodopad_main_16_9.jpg",
    "mobile_image": "trails/main/alibekskiy_vodopad_main_mobile_hlixECP.jpg",
    "card_image": "trails/cards/alibekskiy_vodopad_main_mini_cUg9Vfn.jpg",
    "previous_trail": null,
    "next_trail": null,
    "created": "2023-10-31T09:36:06.044Z",
    "is_published": true
  }
},
{
  "model": "trails.trail",
  "pk": 7,
  "fields": {
    "name": "Бадукские озера",
    "slug": "badukskie-ozera",
    "short_description": "Один из самых живописных маршрутов, который проходит сквозь хвойные леса и горные хребты. Тропа маркированная и очень популярная, но идет с хорошим набором высоты - намного удобнее будет идти с треккинговыми палками.",
    "full_description": "Где-то посередине тропы будет мост через реку Бадук. Рекомендуем отдохнуть в этом месте, так как далее ждёт затяжной подъём в 800 метров. После подъёма при выходе из леса придётся пройти по курумнику — скоплению глыб и камней. Здесь нужно быть аккуратными при каждом шаге и не терять из виду маркировку — она будет на камнях. Собственно, это прямой путь до первого озера.\r\n<br><br>\r\nТри озера расположены достаточно близко друг от друга. Озёра выглядят незабываемо на фоне гор и деревьев. В них можно купаться. Вода холодная — около +10°C, но после треккинга в жаркие дни очень освежает. Если решитесь, то лучше добраться до второго по высоте озера. Оно наиболее глубокое, и рядом есть беседки — можно совместить купание и перекус. По маршруту придётся много идти вверх, к этому надо быть готовыми.",
    "start_point_description": "Трек начинается на парковке между поселками Теберда и Домбай",
    "start_point": "43.375639, 41.694821",
    "region": 1,
    "level": "middle",
    "distance": 8,
    "time": "4-5 часов",
    "elevation_gain": 630,
    "aqua": "можно пополнить запас примерно в середине тропы - там, где мост через реку Бадук",
    "route_type": "point",
    "route_image": "https://mapmagic.app/embed?routes=07kQld0",
    "main_image": "trails/main/badukskie_ozera_main_16_9.jpg",
    "mobile_image": "trails/main/badukskie_ozera_main_mobile.jpg",
    "card_image": "trails/cards/badukskie-ozera-_main_mini.jpg",
    "previous_trail": null,
    "next_trail": null,
    "created": "2023-10-31T10:28:46.182Z",
    "is_published": true
  }
},
{
  "model": "trails.regionphoto",
  "pk": 1,
  "fields": {
    "region": 2,
    "image": "regions/photos/arkhyz_1.jpg"
  }
},
{
  "model": "trails.regionphoto",
  "pk": 2,
  "fields": {
    "region": 2,
    "image": "regions/photos/arkhyz_2.JPG"
  }
},
{
  "model": "trails.regionphoto",
  "pk": 3,
  "fields": {
    "region": 2,
    "image": "regions/photos/arkhyz_3.JPG"
  }
},
{
  "model": "trails.regionphoto",
  "pk": 4,
  "fields": {
    "region": 2,
    "image": "regions/photos/arkhyz_4.jpg"
  }
},
{
  "model": "trails.regionphoto",
  "pk": 5,
  "fields": {
    "region": 2,
    "image": "regions/photos/arkhyz_5.JPG"
  }
},
{
  "model": "trails.trailphoto",
  "pk": 1,
  "fields": {
    "trail": 1,
    "image": "trails/photos/01.JPG"
  }
},
{
  "model": "trails.trailphoto",
  "pk": 2,
  "fields": {
    "trail": 1,
    "image": "trails/photos/02.JPG"
  }
},
{
  "model": "trails.trailphoto",
  "pk": 3,
  "fields": {
    "trail": 1,
    "image": "trails/photos/03.JPG"
  }
},
{
  "model": "trails.trailphoto",
  "pk": 4,
  "fields": {
    "trail": 1,
    "image": "trails/photos/04.JPG"
  }
},
{
  "model": "trails.trailphoto",
  "pk": 5,
  "fields": {
    "trail": 2,
    "image": "trails/photos/01.jpeg"
  }
},
{
  "model": "trails.trailphoto",
  "pk": 6,
  "fields": {
    "trail": 2,
    "image": "trails/photos/02.jpeg"
  }
},
{
  "model": "trails.trailphoto",
  "pk": 7,
  "fields": {
    "trail": 2,
    "image": "trails/photos/03_JUQ59Kc.jpg"
  }
},
{
  "model": "trails.trailphoto",
  "pk": 8,
  "fields": {
    "trail": 2,
    "image": "trails/photos/04.jpeg"
  }
},
{
  "model": "trails.trailphoto",
  "pk": 9,
  "fields": {
    "trail": 3,
    "image": "trails/photos/01_p0xgsgn.JPG"
  }
},
{
  "model": "trails.trailphoto",
  "pk": 10,
  "fields": {
    "trail": 3,
    "image": "trails/photos/02_GJzAik9.JPG"
  }
},
{
  "model": "trails.trailphoto",
  "pk": 11,
  "fields": {
    "trail": 3,
    "image": "trails/photos/03.jpeg"
  }
},
{
  "model": "trails.trailphoto",
  "pk": 12,
  "fields": {
    "trail": 3,
    "image": "trails/photos/04_0OriVnr.jpeg"
  }
},
{
  "model": "trails.trailphoto",
  "pk": 13,
  "fields": {
    "trail": 4,
    "image": "trails/photos/baritoviy_1.JPG"
  }
},
{
  "model": "trails.trailphoto",
  "pk": 14,
  "fields": {
    "trail": 4,
    "image": "trails/photos/baritoviy_2.JPG"
  }
},
{
  "model": "trails.trailphoto",
  "pk": 15,
  "fields": {
    "trail": 4,
    "image": "trails/photos/baritoviy_3.jpg"
  }
},
{
  "model": "trails.trailphoto",
  "pk": 16,
  "fields": {
    "trail": 4,
    "image": "trails/photos/baritoviy_4.JPG"
  }
},
{
  "model": "trails.trailphoto",
  "pk": 17,
  "fields": {
    "trail": 5,
    "image": "trails/photos/vershiny_abishira_1.JPG"
  }
},
{
  "model": "trails.trailphoto",
  "pk": 18,
  "fields": {
    "trail": 5,
    "image": "trails/photos/vershiny_abishira_2.JPG"
  }
},
{
  "model": "trails.trailphoto",
  "pk": 19,
  "fields": {
    "trail": 5,
    "image": "trails/photos/vershiny_abishira_3.JPG"
  }
},
{
  "model": "trails.trailphoto",
  "pk": 20,
  "fields": {
    "trail": 5,
    "image": "trails/photos/vershiny_abishira_4.JPG"
  }
},
{
  "model": "trails.trailphoto",
  "pk": 21,
  "fields": {
    "trail": 6,
    "image": "trails/photos/alibek_1.jpeg"
  }
},
{
  "model": "trails.trailphoto",
  "pk": 22,
  "fields": {
    "trail": 6,
    "image": "trails/photos/alibek_2.jpeg"
  }
},
{
  "model": "trails.trailphoto",
  "pk": 23,
  "fields": {
    "trail": 6,
    "image": "trails/photos/alibek_3.jpeg"
  }
},
{
  "model": "trails.trailphoto",
  "pk": 24,
  "fields": {
    "trail": 6,
    "image": "trails/photos/alibek_4.jpeg"
  }
},
{
  "model": "trails.trailphoto",
  "pk": 25,
  "fields": {
    "trail": 7,
    "image": "trails/photos/baduk_1.jpeg"
  }
},
{
  "model": "trails.trailphoto",
  "pk": 26,
  "fields": {
    "trail": 7,
    "image": "trails/photos/baduk_2.jpeg"
  }
},
{
  "model": "trails.trailphoto",
  "pk": 27,
  "fields": {
    "trail": 7,
    "image": "trails/photos/baduk_3.JPG"
  }
},
{
  "model": "trails.trailphoto",
  "pk": 28,
  "fields": {
    "trail": 7,
    "image": "trails/photos/baduk_4.JPG"
  }
}
]
