[
   {
      "model": "trails.region",
      "pk": 1,
      "fields": {
         "created": "2023-11-20T15:38:09.090Z",
         "updated": "2023-11-20T15:38:09.098Z",
         "name": "Домбай",
         "slug": "dombay",
         "description_intro": "Описание региона Домбай",
         "description_seasons": "Когда ехать в Домбай",
         "description_geo": "Где находится Домбай",
         "description_transport": "Как добраться до региона Домбай",
         "description_accommodation": "Проживание в регионе Домбай",
         "main_image": "regions/main/region_dombay_main_16_9.jpg",
         "mobile_image": "regions/main/region_dombay_main_mobile.jpg"
      }
   },
   {
      "model": "trails.region",
      "pk": 2,
      "fields": {
         "created": "2023-11-20T15:38:09.090Z",
         "updated": "2023-11-20T15:38:09.098Z",
         "name": "Архыз",
         "slug": "arkhyz",
         "description_intro": "Описание региона Архыз",
         "description_seasons": "Когда ехать в Архыз",
         "description_geo": "Где находится Архыз",
         "description_transport": "Как добраться до региона Архыз",
         "description_accommodation": "Проживание в регионе Архыз",
         "main_image": "regions/main/region_arkhyz_main_16_9.jpg",
         "mobile_image": "regions/main/region_arkhyz_main_mobile.jpg"
      }
   },
   {
      "model": "trails.region",
      "pk": 3,
      "fields": {
         "created": "2023-11-20T15:38:09.090Z",
         "updated": "2023-11-20T15:38:09.098Z",
         "name": "Безенги",
         "slug": "bezengi",
         "description_intro": "Описание региона Безенги",
         "description_seasons": "Когда ехать в Безенги",
         "description_geo": "Где находится Безенги",
         "description_transport": "Как добраться до региона Безенги",
         "description_accommodation": "Проживание в регионе Безенги",
         "main_image": "regions/main/region_bezengi_main_16_9.jpg",
         "mobile_image": "regions/main/region_bezengi_main_mobile.jpg"
      }
   },
   {
      "model": "trails.region",
      "pk": 4,
      "fields": {
         "created": "2023-11-20T15:38:09.090Z",
         "updated": "2023-11-20T15:38:09.098Z",
         "name": "Приэльбрусье",
         "slug": "elbrus",
         "description_intro": "Описание региона Приэльбрусье",
         "description_seasons": "Когда ехать в Приэльбрусье",
         "description_geo": "Где находится Приэльбрусье",
         "description_transport": "Как добраться до региона Приэльбрусье",
         "description_accommodation": "Проживание в регионе Приэльбрусье",
         "main_image": "regions/main/region_elbrus_main_16_9.jpg",
         "mobile_image": "regions/main/region_elbrus_main_mobile.jpg"
      }
   },
   {
      "model": "trails.trail",
      "pk": 1,
      "fields": {
         "created": "2023-10-23T21:47:51.063Z",
         "updated": "2023-11-20T15:38:09.105Z",
         "name": "Озеро Любви",
         "slug": "ozero-lyubvi",
         "short_description": "Короткое описание трека Озеро Любви",
         "full_description": "Полное описание трека Озеро Любви",
         "start_point_description": "Где находится трек Озеро Любви",
         "start_point": "43.560166, 41.285225",
         "region": 2,
         "level": "middle",
         "distance": 15,
         "time": "5-7 часов",
         "elevation_gain": 1000,
         "aqua": "Что с водой на треке Озеро Любви",
         "route_type": "point",
         "route_image": "https://mapmagic.app/embed?routes=6EdNDw0",
         "main_image": "trails/main/ozero_lyubvi_main_16_9.jpg",
         "mobile_image": "trails/main/ozero_lyubvi_main_mobile.jpg",
         "card_image": "trails/cards/ozero_lyubvi_main_mini.jpg",
         "previous_trail": null,
         "next_trail": null,
         "is_published": true
      }
   },
   {
      "model": "trails.trail",
      "pk": 2,
      "fields": {
         "created": "2023-10-24T12:40:03.622Z",
         "updated": "2023-11-20T15:38:09.105Z",
         "name": "Скала Карча-тёбе",
         "slug": "skala-karcha-tyobe",
         "short_description": "Короткое описание трека Скала Карча-тёбе",
         "full_description": "Полное описание трека Скала Карча-тёбе",
         "start_point_description": "Где находится трек Скала Карча-тёбе",
         "start_point": "43.570502, 41.281014",
         "region": 2,
         "level": "easy",
         "distance": 4,
         "time": "2-3 часа",
         "elevation_gain": 200,
         "aqua": "Что с водой на треке Скала Карча-тёбе",
         "route_type": "point",
         "route_image": "https://mapmagic.app/embed?routes=0gR2PMV",
         "main_image": "trails/main/karcha-tebe_main_16_9.jpg",
         "mobile_image": "trails/main/karcha-tebe_main_mobile.jpg",
         "card_image": "trails/cards/karcha-tebe_main_mini.jpg",
         "previous_trail": null,
         "next_trail": null,
         "is_published": true
      }
   },
   {
      "model": "trails.trail",
      "pk": 3,
      "fields": {
         "created": "2023-10-24T13:23:52.464Z",
         "updated": "2023-11-20T15:38:09.105Z",
         "name": "Дуккинские озёра",
         "slug": "dukkinskie-ozyora",
         "short_description": "Короткое описание трека Дуккинские озёра",
         "full_description": "Полное описание трека Дуккинские озёра",
         "start_point_description": "Где находится трек Дуккинские озёра",
         "start_point": "43.549327, 41.07777",
         "region": 2,
         "level": "middle",
         "distance": 10,
         "time": "6-7 часов",
         "elevation_gain": 750,
         "aqua": "Что с водой на треке Дуккинские озёра",
         "route_type": "loop",
         "route_image": "https://mapmagic.app/embed?routes=64LyBm6",
         "main_image": "trails/main/dukkinskie_main_16_9.jpg",
         "mobile_image": "trails/main/dukkinskie_main_mobile.jpg",
         "card_image": "trails/cards/dukkinskie_main_mini.jpg",
         "previous_trail": null,
         "next_trail": null,
         "is_published": true
      }
   },
   {
      "model": "trails.trail",
      "pk": 4,
      "fields": {
         "created": "2023-10-31T08:19:54.758Z",
         "updated": "2023-11-20T15:38:09.105Z",
         "name": "Баритовый водопад",
         "slug": "baritoviy-vodopad",
         "short_description": "Короткое описание трека Баритовый водопад",
         "full_description": "Полное описание трека Баритовый водопад",
         "start_point_description": "Где находится трек Баритовый водопад",
         "start_point": "43.571607, 41.277173",
         "region": 2,
         "level": "middle",
         "distance": 5,
         "time": "3-4 часа",
         "elevation_gain": 600,
         "aqua": "Что с водой на треке Баритовый водопад",
         "route_type": "point",
         "route_image": "https://mapmagic.app/embed?routes=9D1j4rV",
         "main_image": "trails/main/baritoviy_main_16_9.jpg",
         "mobile_image": "trails/main/baritoviy_main_mobile.jpg",
         "card_image": "trails/cards/baritoviy_main_mini.jpg",
         "previous_trail": null,
         "next_trail": null,
         "is_published": true
      }
   },
   {
      "model": "trails.trail",
      "pk": 5,
      "fields": {
         "created": "2023-10-31T08:56:55.196Z",
         "updated": "2023-11-20T15:38:09.105Z",
         "name": "Хребет Абишира-Ахуба",
         "slug": "khrebet-abishira-ahuba",
         "short_description": "Короткое описание трека Хребет Абишира-Ахуба",
         "full_description": "Полное описание трека Хребет Абишира-Ахуба",
         "start_point_description": "Где находится трек Хребет Абишира-Ахуба",
         "start_point": "43.571607, 41.277173",
         "region": 2,
         "level": "hard",
         "distance": 13,
         "time": "9-12 часов",
         "elevation_gain": 1500,
         "aqua": "Что с водой на треке Хребет Абишира-Ахуба",
         "route_type": "point",
         "route_image": "https://mapmagic.app/embed?routes=6nRana6",
         "main_image": "trails/main/vershiny_abishira_main_16_9.jpg",
         "mobile_image": "trails/main/vershiny_abishira_main_mobile.jpg",
         "card_image": "trails/cards/vershiny_abishira_main_mini.jpg",
         "previous_trail": 4,
         "next_trail": null,
         "is_published": true
      }
   },
   {
      "model": "trails.trail",
      "pk": 6,
      "fields": {
         "created": "2023-10-31T09:36:06.044Z",
         "updated": "2023-11-20T15:38:09.105Z",
         "name": "Алибекский водопад",
         "slug": "alibekskij-vodopad",
         "short_description": "Короткое описание трека Алибекский водопад",
         "full_description": "Полное описание трека Алибекский водопад",
         "start_point_description": "Где находится трек Алибекский водопад",
         "start_point": "43.290677, 41.618026",
         "region": 1,
         "level": "easy",
         "distance": 12,
         "time": "4-5 часов",
         "elevation_gain": 400,
         "aqua": "Что с водой на треке Алибекский водопад",
         "route_type": "point",
         "route_image": "https://mapmagic.app/embed?routes=9rZgLW9",
         "main_image": "trails/main/alibekskiy_vodopad_main_16_9.jpg",
         "mobile_image": "trails/main/alibekskiy_vodopad_main_mobile.jpg",
         "card_image": "trails/cards/alibekskiy_vodopad_main_mini_euHjAUx.jpg",
         "previous_trail": null,
         "next_trail": null,
         "is_published": true
      }
   },
   {
      "model": "trails.trail",
      "pk": 7,
      "fields": {
         "created": "2023-10-31T10:28:46.182Z",
         "updated": "2023-11-20T15:38:09.105Z",
         "name": "Бадукские озера",
         "slug": "badukskie-ozera",
         "short_description": "Короткое описание трека Бадукские озера",
         "full_description": "Полное описание трека Бадукские озера",
         "start_point_description": "Где находится трек Бадукские озера",
         "start_point": "43.375639, 41.694821",
         "region": 1,
         "level": "middle",
         "distance": 8,
         "time": "4-5 часов",
         "elevation_gain": 630,
         "aqua": "Что с водой на треке Бадукские озера",
         "route_type": "point",
         "route_image": "https://mapmagic.app/embed?routes=07kQld0",
         "main_image": "trails/main/badukskie_ozera_main_16_9.jpg",
         "mobile_image": "trails/main/badukskie_ozera_main_mobile.jpg",
         "card_image": "trails/cards/badukskie_ozera_main_mini.jpg",
         "previous_trail": null,
         "next_trail": null,
         "is_published": true
      }
   },
   {
      "model": "trails.trail",
      "pk": 8,
      "fields": {
         "created": "2023-11-18T08:17:08.871Z",
         "updated": "2023-11-20T15:38:09.105Z",
         "name": "Водопад Чигордали",
         "slug": "vodopad-chigordali",
         "short_description": "Короткое описание трека Водопад Чигордали",
         "full_description": "Полное описание трека Водопад Чигордали",
         "start_point_description": "Где находится трек Водопад Чигордали",
         "start_point": "43.560166, 41.285225",
         "region": 2,
         "level": "easy",
         "distance": 15,
         "time": "5-6 часов",
         "elevation_gain": 450,
         "aqua": "Что с водой на треке Водопад Чигордали",
         "route_type": "point",
         "route_image": "https://mapmagic.app/embed?routes=9aA1Po9",
         "main_image": "trails/main/chigordali_vodopad_main_16_9.jpg",
         "mobile_image": "trails/main/chigordali_vodopad_main_mobile.jpg",
         "card_image": "trails/cards/chigordali_vodopad_main_mini.jpg",
         "previous_trail": null,
         "next_trail": null,
         "is_published": true
      }
   },
   {
      "model": "trails.trail",
      "pk": 9,
      "fields": {
         "created": "2023-11-18T08:34:15.031Z",
         "updated": "2023-11-20T15:38:09.105Z",
         "name": "Водопад Казачий",
         "slug": "vodopad-kazachiy",
         "short_description": "Короткое описание трека Водопад Казачий",
         "full_description": "Полное описание трека Водопад Казачий",
         "start_point_description": "Где находится трек Водопад Казачий",
         "start_point": "43.560166, 41.285225",
         "region": 2,
         "level": "easy",
         "distance": 4,
         "time": "1,5 – 2 часа",
         "elevation_gain": 200,
         "aqua": "Что с водой на треке Водопад Казачий",
         "route_type": "point",
         "route_image": "https://mapmagic.app/embed?routes=0gR288V",
         "main_image": "trails/main/kazachiy_vodopad_main_16_9.jpg",
         "mobile_image": "trails/main/kazachiy_vodopad_main_mobile.jpg",
         "card_image": "trails/cards/kazachiy_vodopad_main_mini.jpg",
         "previous_trail": null,
         "next_trail": null,
         "is_published": true
      }
   },
   {
      "model": "trails.trail",
      "pk": 10,
      "fields": {
         "created": "2023-11-18T10:13:48.430Z",
         "updated": "2023-11-20T15:38:09.105Z",
         "name": "Семицветное озеро",
         "slug": "semitsvetnoe-ozero",
         "short_description": "Короткое описание трека Семицветное озеро",
         "full_description": "Полное описание трека Семицветное озеро",
         "start_point_description": "Где находится трек Семицветное озеро",
         "start_point": "43.535727, 41.084003",
         "region": 2,
         "level": "middle",
         "distance": 12,
         "time": "4-6 часов",
         "elevation_gain": 550,
         "aqua": "Что с водой на треке Семицветное озеро",
         "route_type": "point",
         "route_image": "https://mapmagic.app/embed?routes=0ymrxD0",
         "main_image": "trails/main/semitsvetnoe_ozero_main_16_9.jpg",
         "mobile_image": "trails/main/semitsvetnoe_ozero_main_mobile.jpg",
         "card_image": "trails/cards/semitsvetnoe_ozero_main_mini.jpg",
         "previous_trail": null,
         "next_trail": null,
         "is_published": true
      }
   },
   {
      "model": "trails.trail",
      "pk": 11,
      "fields": {
         "created": "2023-11-18T14:50:10.783Z",
         "updated": "2023-11-20T15:38:09.105Z",
         "name": "Озеро Орлёнок",
         "slug": "ozero-orlyonok",
         "short_description": "Короткое описание трека Озеро Орлёнок",
         "full_description": "Полное описание трека Озеро Орлёнок",
         "start_point_description": "Где находится трек Озеро Орлёнок",
         "start_point": "43.511798, 41.228228",
         "region": 2,
         "level": "middle",
         "distance": 8,
         "time": "4-5 часов",
         "elevation_gain": 700,
         "aqua": "Что с водой на треке Озеро Орлёнок",
         "route_type": "point",
         "route_image": "https://mapmagic.app/embed?routes=9L1WgwV",
         "main_image": "trails/main/ozero_orlenok_main_16_9.jpg",
         "mobile_image": "trails/main/ozero_orlenok_main_mobile.jpg",
         "card_image": "trails/cards/ozero_orlenok_main_mini.jpg",
         "previous_trail": null,
         "next_trail": null,
         "is_published": true
      }
   },
   {
      "model": "trails.trail",
      "pk": 12,
      "fields": {
         "created": "2023-11-18T16:19:15.871Z",
         "updated": "2023-11-20T15:38:09.105Z",
         "name": "Гора Смирнова",
         "slug": "gora-smirnova",
         "short_description": "Короткое описание трека Гора Смирнова",
         "full_description": "Полное описание трека Гора Смирнова",
         "start_point_description": "Где находится трек Гора Смирнова",
         "start_point": "43.527817, 41.157734",
         "region": 2,
         "level": "easy",
         "distance": 4,
         "time": "1,5 – 2 часа",
         "elevation_gain": 200,
         "aqua": "Что с водой на треке Гора Смирнова",
         "route_type": "point",
         "route_image": "https://mapmagic.app/embed?routes=VQjLxa0",
         "main_image": "trails/main/gora_smirnova_main_16_9.jpg",
         "mobile_image": "trails/main/gora_smirnova_main_mobile.jpg",
         "card_image": "trails/cards/gora_smirnova_main_mini.jpg",
         "previous_trail": null,
         "next_trail": null,
         "is_published": true
      }
   },
   {
      "model": "trails.trail",
      "pk": 13,
      "fields": {
         "created": "2023-11-18T16:45:18.048Z",
         "updated": "2023-11-20T15:38:09.105Z",
         "name": "Софийские озёра",
         "slug": "sofiyskie-ozyora",
         "short_description": "Короткое описание трека Софийские озёра",
         "full_description": "Полное описание трека Софийские озёра",
         "start_point_description": "Где находится трек Софийские озёра",
         "start_point": "43.45456, 41.26568",
         "region": 2,
         "level": "hard",
         "distance": 14,
         "time": "7-9 часов",
         "elevation_gain": 1100,
         "aqua": "Что с водой на треке Софийские озёра",
         "route_type": "loop",
         "route_image": "https://mapmagic.app/embed?routes=6Jzoyv6",
         "main_image": "trails/main/sofiyskie_ozera_main_16_9.jpg",
         "mobile_image": "trails/main/sofiyskie_ozera_main_mobile.jpg",
         "card_image": "trails/cards/sofiyskie_ozera_main_mini.jpg",
         "previous_trail": null,
         "next_trail": null,
         "is_published": true
      }
   },
   {
      "model": "trails.trail",
      "pk": 14,
      "fields": {
         "created": "2023-11-18T16:56:49.655Z",
         "updated": "2023-11-20T15:38:09.105Z",
         "name": "Софийские водопады",
         "slug": "sofiyskie-vodopady",
         "short_description": "Короткое описание трека Софийские водопады",
         "full_description": "Полное описание трека Софийские водопады",
         "start_point_description": "Где находится трек Софийские водопады",
         "start_point": "43.451534, 41.273125",
         "region": 2,
         "level": "easy",
         "distance": 4,
         "time": "2-3 часа",
         "elevation_gain": 300,
         "aqua": "Что с водой на треке Софийские водопады",
         "route_type": "point",
         "route_image": "https://mapmagic.app/embed?routes=6qmqLy6",
         "main_image": "trails/main/sofiyskie_vodopady_main_16_9.jpg",
         "mobile_image": "trails/main/sofiyskie_vodopady_main_mobile.jpg",
         "card_image": "trails/cards/sofiyskie_vodopady_main_mini.jpg",
         "previous_trail": null,
         "next_trail": null,
         "is_published": true
      }
   },
   {
      "model": "trails.regionphoto",
      "pk": 1,
      "fields": {
         "region": 2,
         "image": "regions/photos/arkhyz_region-1.jpg"
      }
   },
   {
      "model": "trails.regionphoto",
      "pk": 2,
      "fields": {
         "region": 2,
         "image": "regions/photos/arkhyz_region-2.jpg"
      }
   },
   {
      "model": "trails.regionphoto",
      "pk": 3,
      "fields": {
         "region": 2,
         "image": "regions/photos/arkhyz_region-3.jpg"
      }
   },
   {
      "model": "trails.regionphoto",
      "pk": 4,
      "fields": {
         "region": 2,
         "image": "regions/photos/arkhyz_region-4.jpg"
      }
   },
   {
      "model": "trails.regionphoto",
      "pk": 5,
      "fields": {
         "region": 2,
         "image": "regions/photos/arkhyz_region-5.jpg"
      }
   },
   {
      "model": "trails.regionphoto",
      "pk": 6,
      "fields": {
         "region": 1,
         "image": "regions/photos/dombay_region_1.jpg"
      }
   },
   {
      "model": "trails.regionphoto",
      "pk": 7,
      "fields": {
         "region": 1,
         "image": "regions/photos/dombay_region_2.jpg"
      }
   },
   {
      "model": "trails.regionphoto",
      "pk": 8,
      "fields": {
         "region": 1,
         "image": "regions/photos/dombay_region_3.jpg"
      }
   },
   {
      "model": "trails.regionphoto",
      "pk": 9,
      "fields": {
         "region": 1,
         "image": "regions/photos/dombay_region_4.jpg"
      }
   },
   {
      "model": "trails.regionphoto",
      "pk": 10,
      "fields": {
         "region": 1,
         "image": "regions/photos/dombay_region_5.jpg"
      }
   },
   {
      "model": "trails.regionphoto",
      "pk": 11,
      "fields": {
         "region": 4,
         "image": "regions/photos/elbrus_region_1.jpg"
      }
   },
   {
      "model": "trails.regionphoto",
      "pk": 12,
      "fields": {
         "region": 4,
         "image": "regions/photos/elbrus_region_2.jpg"
      }
   },
   {
      "model": "trails.regionphoto",
      "pk": 13,
      "fields": {
         "region": 4,
         "image": "regions/photos/elbrus_region_3.jpg"
      }
   },
   {
      "model": "trails.regionphoto",
      "pk": 14,
      "fields": {
         "region": 4,
         "image": "regions/photos/elbrus_region_4.jpg"
      }
   },
   {
      "model": "trails.regionphoto",
      "pk": 15,
      "fields": {
         "region": 4,
         "image": "regions/photos/elbrus_region_5.jpg"
      }
   },
   {
      "model": "trails.regionphoto",
      "pk": 16,
      "fields": {
         "region": 3,
         "image": "regions/photos/bezengi_region-1.JPG"
      }
   },
   {
      "model": "trails.regionphoto",
      "pk": 17,
      "fields": {
         "region": 3,
         "image": "regions/photos/bezengi_region-2.JPG"
      }
   },
   {
      "model": "trails.regionphoto",
      "pk": 18,
      "fields": {
         "region": 3,
         "image": "regions/photos/bezengi_region-3.JPG"
      }
   },
   {
      "model": "trails.regionphoto",
      "pk": 19,
      "fields": {
         "region": 3,
         "image": "regions/photos/bezengi_region-4.JPG"
      }
   },
   {
      "model": "trails.regionphoto",
      "pk": 20,
      "fields": {
         "region": 3,
         "image": "regions/photos/bezengi_region-5.JPG"
      }
   },
   {
      "model": "trails.trailphoto",
      "pk": 1,
      "fields": {
         "trail": 1,
         "image": "trails/photos/ozero_lyubvi_1.jpg"
      }
   },
   {
      "model": "trails.trailphoto",
      "pk": 2,
      "fields": {
         "trail": 1,
         "image": "trails/photos/ozero_lyubvi_2.jpg"
      }
   },
   {
      "model": "trails.trailphoto",
      "pk": 3,
      "fields": {
         "trail": 1,
         "image": "trails/photos/ozero_lyubvi_3.jpg"
      }
   },
   {
      "model": "trails.trailphoto",
      "pk": 4,
      "fields": {
         "trail": 1,
         "image": "trails/photos/ozero_lyubvi_4.jpg"
      }
   },
   {
      "model": "trails.trailphoto",
      "pk": 5,
      "fields": {
         "trail": 2,
         "image": "trails/photos/karcha-tebe-1.jpg"
      }
   },
   {
      "model": "trails.trailphoto",
      "pk": 6,
      "fields": {
         "trail": 2,
         "image": "trails/photos/karcha-tebe-2.jpg"
      }
   },
   {
      "model": "trails.trailphoto",
      "pk": 7,
      "fields": {
         "trail": 2,
         "image": "trails/photos/karcha-tebe-3.jpg"
      }
   },
   {
      "model": "trails.trailphoto",
      "pk": 8,
      "fields": {
         "trail": 2,
         "image": "trails/photos/karcha-tebe-4.jpg"
      }
   },
   {
      "model": "trails.trailphoto",
      "pk": 9,
      "fields": {
         "trail": 3,
         "image": "trails/photos/dukkinskie_ozera-1.jpg"
      }
   },
   {
      "model": "trails.trailphoto",
      "pk": 10,
      "fields": {
         "trail": 3,
         "image": "trails/photos/dukkinskie_ozera-2.jpg"
      }
   },
   {
      "model": "trails.trailphoto",
      "pk": 11,
      "fields": {
         "trail": 3,
         "image": "trails/photos/dukkinskie_ozera-3.jpg"
      }
   },
   {
      "model": "trails.trailphoto",
      "pk": 12,
      "fields": {
         "trail": 3,
         "image": "trails/photos/dukkinskie_ozera-4.jpg"
      }
   },
   {
      "model": "trails.trailphoto",
      "pk": 13,
      "fields": {
         "trail": 4,
         "image": "trails/photos/baritoviy_vodopad-1.jpg"
      }
   },
   {
      "model": "trails.trailphoto",
      "pk": 14,
      "fields": {
         "trail": 4,
         "image": "trails/photos/baritoviy_vodopad-2.jpg"
      }
   },
   {
      "model": "trails.trailphoto",
      "pk": 15,
      "fields": {
         "trail": 4,
         "image": "trails/photos/baritoviy_vodopad-3.jpg"
      }
   },
   {
      "model": "trails.trailphoto",
      "pk": 16,
      "fields": {
         "trail": 4,
         "image": "trails/photos/baritoviy_vodopad-4.jpg"
      }
   },
   {
      "model": "trails.trailphoto",
      "pk": 17,
      "fields": {
         "trail": 5,
         "image": "trails/photos/vershiny_abishira_1.JPG"
      }
   },
   {
      "model": "trails.trailphoto",
      "pk": 18,
      "fields": {
         "trail": 5,
         "image": "trails/photos/vershiny_abishira_2.JPG"
      }
   },
   {
      "model": "trails.trailphoto",
      "pk": 19,
      "fields": {
         "trail": 5,
         "image": "trails/photos/vershiny_abishira_3.JPG"
      }
   },
   {
      "model": "trails.trailphoto",
      "pk": 20,
      "fields": {
         "trail": 5,
         "image": "trails/photos/vershiny_abishira_4.JPG"
      }
   },
   {
      "model": "trails.trailphoto",
      "pk": 21,
      "fields": {
         "trail": 6,
         "image": "trails/photos/alibekskiy_vodopad-1.jpg"
      }
   },
   {
      "model": "trails.trailphoto",
      "pk": 22,
      "fields": {
         "trail": 6,
         "image": "trails/photos/alibekskiy_vodopad-2.jpg"
      }
   },
   {
      "model": "trails.trailphoto",
      "pk": 23,
      "fields": {
         "trail": 6,
         "image": "trails/photos/alibekskiy_vodopad-3.jpg"
      }
   },
   {
      "model": "trails.trailphoto",
      "pk": 24,
      "fields": {
         "trail": 6,
         "image": "trails/photos/alibekskiy_vodopad-4.jpg"
      }
   },
   {
      "model": "trails.trailphoto",
      "pk": 25,
      "fields": {
         "trail": 7,
         "image": "trails/photos/badukskie_ozera-1.jpg"
      }
   },
   {
      "model": "trails.trailphoto",
      "pk": 26,
      "fields": {
         "trail": 7,
         "image": "trails/photos/badukskie_ozera-2.jpg"
      }
   },
   {
      "model": "trails.trailphoto",
      "pk": 27,
      "fields": {
         "trail": 7,
         "image": "trails/photos/badukskie_ozera-3.jpg"
      }
   },
   {
      "model": "trails.trailphoto",
      "pk": 28,
      "fields": {
         "trail": 7,
         "image": "trails/photos/badukskie_ozera-4.jpg"
      }
   },
   {
      "model": "trails.trailphoto",
      "pk": 29,
      "fields": {
         "trail": 8,
         "image": "trails/photos/chigordali_vodopad-1.jpg"
      }
   },
   {
      "model": "trails.trailphoto",
      "pk": 30,
      "fields": {
         "trail": 8,
         "image": "trails/photos/chigordali_vodopad-2.jpg"
      }
   },
   {
      "model": "trails.trailphoto",
      "pk": 31,
      "fields": {
         "trail": 8,
         "image": "trails/photos/chigordali_vodopad-3.jpg"
      }
   },
   {
      "model": "trails.trailphoto",
      "pk": 32,
      "fields": {
         "trail": 8,
         "image": "trails/photos/chigordali_vodopad-4.jpg"
      }
   },
   {
      "model": "trails.trailphoto",
      "pk": 33,
      "fields": {
         "trail": 9,
         "image": "trails/photos/kazachiy_vodopad-1.jpg"
      }
   },
   {
      "model": "trails.trailphoto",
      "pk": 34,
      "fields": {
         "trail": 9,
         "image": "trails/photos/kazachiy_vodopad-2.jpg"
      }
   },
   {
      "model": "trails.trailphoto",
      "pk": 35,
      "fields": {
         "trail": 9,
         "image": "trails/photos/kazachiy_vodopad-3.jpg"
      }
   },
   {
      "model": "trails.trailphoto",
      "pk": 36,
      "fields": {
         "trail": 9,
         "image": "trails/photos/kazachiy_vodopad-4.jpg"
      }
   },
   {
      "model": "trails.trailphoto",
      "pk": 37,
      "fields": {
         "trail": 10,
         "image": "trails/photos/semitsvetnoe_ozero_1.jpg"
      }
   },
   {
      "model": "trails.trailphoto",
      "pk": 38,
      "fields": {
         "trail": 10,
         "image": "trails/photos/semitsvetnoe_ozero_2.jpg"
      }
   },
   {
      "model": "trails.trailphoto",
      "pk": 39,
      "fields": {
         "trail": 10,
         "image": "trails/photos/semitsvetnoe_ozero_3.jpg"
      }
   },
   {
      "model": "trails.trailphoto",
      "pk": 40,
      "fields": {
         "trail": 10,
         "image": "trails/photos/semitsvetnoe_ozero_4.jpg"
      }
   },
   {
      "model": "trails.trailphoto",
      "pk": 41,
      "fields": {
         "trail": 11,
         "image": "trails/photos/ozero_orlenok_1.jpg"
      }
   },
   {
      "model": "trails.trailphoto",
      "pk": 42,
      "fields": {
         "trail": 11,
         "image": "trails/photos/ozero_orlenok_2.jpg"
      }
   },
   {
      "model": "trails.trailphoto",
      "pk": 43,
      "fields": {
         "trail": 11,
         "image": "trails/photos/ozero_orlenok_3.jpg"
      }
   },
   {
      "model": "trails.trailphoto",
      "pk": 44,
      "fields": {
         "trail": 11,
         "image": "trails/photos/ozero_orlenok_4.jpg"
      }
   },
   {
      "model": "trails.trailphoto",
      "pk": 45,
      "fields": {
         "trail": 12,
         "image": "trails/photos/gora_smirnova-1.jpg"
      }
   },
   {
      "model": "trails.trailphoto",
      "pk": 46,
      "fields": {
         "trail": 12,
         "image": "trails/photos/gora_smirnova-2.jpg"
      }
   },
   {
      "model": "trails.trailphoto",
      "pk": 47,
      "fields": {
         "trail": 12,
         "image": "trails/photos/gora_smirnova-3.jpg"
      }
   },
   {
      "model": "trails.trailphoto",
      "pk": 48,
      "fields": {
         "trail": 12,
         "image": "trails/photos/gora_smirnova-4.jpg"
      }
   },
   {
      "model": "trails.trailphoto",
      "pk": 49,
      "fields": {
         "trail": 13,
         "image": "trails/photos/sofiyskie_ozera_1.jpg"
      }
   },
   {
      "model": "trails.trailphoto",
      "pk": 50,
      "fields": {
         "trail": 13,
         "image": "trails/photos/sofiyskie_ozera_2.jpg"
      }
   },
   {
      "model": "trails.trailphoto",
      "pk": 51,
      "fields": {
         "trail": 13,
         "image": "trails/photos/sofiyskie_ozera_3.jpg"
      }
   },
   {
      "model": "trails.trailphoto",
      "pk": 52,
      "fields": {
         "trail": 13,
         "image": "trails/photos/sofiyskie_ozera_4.jpg"
      }
   },
   {
      "model": "trails.trailphoto",
      "pk": 53,
      "fields": {
         "trail": 14,
         "image": "trails/photos/sofiyskie_vodopady_1.jpg"
      }
   },
   {
      "model": "trails.trailphoto",
      "pk": 54,
      "fields": {
         "trail": 14,
         "image": "trails/photos/sofiyskie_vodopady_2.jpg"
      }
   },
   {
      "model": "trails.trailphoto",
      "pk": 55,
      "fields": {
         "trail": 14,
         "image": "trails/photos/sofiyskie_vodopady_3.jpg"
      }
   },
   {
      "model": "trails.trailphoto",
      "pk": 56,
      "fields": {
         "trail": 14,
         "image": "trails/photos/sofiyskie_vodopady_4.jpg"
      }
   }
]