[
{
  "model": "trails.region",
  "pk": 1,
  "fields": {
    "name": "Домбай",
    "slug": "dombay",
    "description_intro": "Домбай - небольшой поселок в Карачаево-Черкесии, уютно расположенный среди ледников и остроконечных гор. Зимой здесь катаются на лыжах, а в теплое время года Домбай - это прекрасный вариант для очень красивых однодневных прогулок.",
    "description_seasons": "Хайкинг на Домбае оптимален с середины июня по конец сентября. Во второй половине июня склоны гор покрыты цветами, невероятно красиво цветут заросли рододендрона. Пожалуй, это самое красивое время, но на части маршрутов еще может лежать снег.",
    "description_geo": "Домбай расположен на перекрестке ущелий. На север, по руслу реки Теберда уходит ущелье, по которому проложена единственная автодорога, соединяющая Домбай с внешним миром. <br><br>\r\n\r\nНа запад, вдоль Главного Кавказского хребта (ГКХ), уходит ущелье реки Алибек. Здесь открываются прекрасные виды на красавицу гору Белалакаю (3861м), которая с некоторых ракурсов напоминает то швейцарский Маттерхорн, то гималайскую гору Амадаблам.",
    "description_transport": "Самый быстрый способ добраться до Домбая - заказать такси / трансфер из аэропорта Минеральных Вод или от вокзала Пятигорска (стоимость машины около 3500 руб., время в пути - около 3 часов).",
    "description_accommodation": "Весь Домбай состоит практически исключительно из жилья для туристов - даже несколько пятиэтажных домов, которые, похоже, в свое время строились для сотрудников санаториев, по факту используются под сдачу жилья в аренду.",
    "main_image": "regions/main/region_dombay_main_16_9.jpg",
    "mobile_image": "regions/main/region_dombay_main_mobile.jpg"
  }
},
{
  "model": "trails.region",
  "pk": 2,
  "fields": {
    "name": "Архыз",
    "slug": "arkhyz",
    "description_intro": "Архыз покоряет хвойными лесами и плюшевыми склонами гор, чистотой и разнообразием озер, вкусным горным воздухом и большим выбором развлечений на любой вкус. Здесь можно покататься на лошадях, арендовать квадроциклы, сплавиться по горной реке на рафте, съездить на экскурсию в крупнейшую в России обсерваторию, посетить древние храмы. И, конечно, Архыз - это отличный выбор для тех, кто любит ходить по красивым горным маршрутам.",
    "description_seasons": "Хайкинг в Архызе начинается в мае и продолжается до поздней осени, однако в период до середины июня и с середины октября некоторые маршруты могут быть труднопроходимы из-за снега.",
    "description_geo": "Посёлок Архыз расположен в широкой котловине на берегу реки Большой Зеленчук. Чуть выше по течению реки находится посёлок Романтик - это горнолыжный курорт с его канатными дорогами и горнолыжными спусками.",
    "description_transport": "Самый быстрый способ добраться до Архыза - заказать такси / трансфер из аэропорта Минеральных Вод или от вокзала Пятигорска (стоимость машины около 5000 руб., время в пути - около 3,5 часов.",
    "description_accommodation": "Архыз предлагает очень большой выбор жилья. В самом посёлке жилье в основном представляет собой комплексы из маленьких домиков (один домик на одну семью), в соседнем горнолыжном Романтике же, наоборот, в основном находятся многоэтажные гостиницы.",
    "main_image": "regions/main/region_arkhyz_main_16_9.jpg",
    "mobile_image": "regions/main/region_arkhyz_main_mobile.jpg"
  }
},
{
  "model": "trails.region",
  "pk": 3,
  "fields": {
    "name": "Безенги",
    "slug": "bezengi",
    "description_intro": "Безенги - это без преувеличения особенное место, в котором каждому любителю гор стоит побывать хотя бы раз в жизни. Здесь расположены 6 из 8 пятитысячников (т.е. гор с высотой более 5000м) Кавказа (все, кроме Эльбруса и Казбека).",
    "description_seasons": "Альплагерь работает с начала июня и до конца августа, однако в начале лета часть маршрутов может быть труднопроходима из-за снега.",
    "description_geo": "Альплагерь Безенги расположен в небольшой зеленой долине в месте слияния двух ледников: Уллучиран и Мижирги - вернее рек, которые они образуют при таянии.",
    "description_transport": "Альплагерь Безенги отделяет от ближайшего населенного пункта с тем же названием грунтовая дорога очень низкого качества протяженностью 18 км. Лишь немногие приезжают сюда на своей машине, так как такая дорога подойдет только внедорожникам.",
    "description_accommodation": "Единственный вариант проживания - это альплагерь Безенги. Однако сам лагерь предлагает разные варианты, отличающиеся уровнем комфорта и ценами, при этом при оплате любого формата проживания можно пользоваться всей инфраструктурой лагеря.",
    "main_image": "regions/main/region_bezengi_main_16_9.jpg",
    "mobile_image": "regions/main/region_bezengi_main_mobile.jpg"
  }
},
{
  "model": "trails.region",
  "pk": 4,
  "fields": {
    "name": "Приэльбрусье",
    "slug": "elbrus",
    "description_intro": "Приэльбрусье - это живописная горная местность, расположенная в верховьях реки Баксан и увенчанная снежными шапками двуглавого красавца Эльбруса. Здесь можно погулять по снегу в разгар лета, подняться до высоты 3847м или даже выше, полюбоваться водопадами и цветущими альпийскими лугами, впечатлиться необычными каменистыми марсианскими пейзажами.",
    "description_seasons": "Полноценный сезон для прогулок по горам в Приэльбрусье начинается с июня и длится до октября. Однако в первой половине июня на некоторых маршрутах еще может лежать снег и лучше планировать поездку на период с середины июня и далее.",
    "description_geo": "Под Приэльбрусьем принято понимать верхнюю часть ущелья реки Баксан, т.е. территории к юго-востоку от Эльбруса. Основные маршруты прогулок в этом районе проходят по ущельям рек, сбегающих со склонов слева и справа от Баксана и впадающих в него.",
    "description_transport": "Из аэропорта Минеральных вод или от вокзала Пятигорска до Терскола можно добраться на такси (стоимость машины около 4000 руб., время в пути - около 3 часов).",
    "description_accommodation": "Приэльбрусье и его маршруты прогулок растянулось вдоль ущелья реки Баксан, поэтому здесь есть несколько вариантов, где можно остановиться, при этом до части маршрутов в любом случае придется добираться на такси или своей машине.",
    "main_image": "regions/main/region_elbrus_main_16_9.jpg",
    "mobile_image": "regions/main/region_elbrus_main_mobile.jpg"
  }
},
{
  "model": "trails.trail",
  "pk": 1,
  "fields": {
    "name": "Озеро Любви",
    "slug": "ozero-lyubvi",
    "short_description": "Это небольшое озеро в форме сердца лежит на высоте 2 350 м в хребте Морх-Сырты, к юго-востоку от посёлка Архыз. Маршрут требует средней физподготовки — набор высоты составит почти километр.",
    "full_description": "Маршрут проходит по территории Архызского участка Тебердинского заповедника, поэтому на входе нужно оплатить рекреационный сбор (около 200 руб. за человека). На развилке у домика-кассы сверните налево – вы окажетесь на грунтовой дороге, идущей параллельно реке Большой Зеленчук (сама река будет шуметь где-то внизу по левую руку от вас). Первые 2,5 км дорога идет практически без набора высоты и можно спокойно наслаждаться красивым хвойным лесом вокруг.<br><br>\r\nПримерно в 1 км от старта маршрута вправо уходит тропа на Казачий водопад – в самом ее начале стоит деревянная арка, так что не пропустите – можно прогуляться и до него (примерно 700 м в одну сторону), но лучше оставить эту прогулку на обратный путь, чтобы сэкономить силы перед затяжным подъемом к озеру Любви. Тропа несколько раз пересекает ручьи, но везде можно преодолеть эту преграду по камням. <br><br>\r\nЧерез 2,5 км от старта (или через 1,5 км от поворота к водопаду) тропа круто поворачивает направо. В качестве подсказки для туристов в этом месте на березе с несколькими стволами прибита стрелка-указатель, но в целом и тропа так хорошо натоптана, что этот поворот, мне кажется, пропустить невозможно. Сразу после поворота начинается крутой затяжной подъем - сначала по хвойному лесу с огромными пихтами, которым несколько сотен лет, потом по берёзовому редколесью. Тропа ведёт на перевал Архызское седло, но чуть не доходя на него, нужно свернуть на хорошо заметную тропу вправо — через полчаса она приведёт к озеру. Здесь приятно отдохнуть, пообедать и искупаться при желании, хотя вода всегда холодная. <br><br>\r\nВся красота необычной формы озера открывается сверху, поэтому чтобы как следует рассмотреть его, можно подняться чуть выше.",
    "start_point_description": "На перекрестке центральной улицы Архыза и улицы с мечетью поверните в сторону реки Большой Зеленчук. После моста дорога поднимается в небольшую горку, и примерно через 200 метров по правую руку от вас будет калитка - это вход в заповедник.",
    "start_point": "43.560396, 41.285206",
    "region": 2,
    "level": "middle",
    "distance": 14,
    "time": "5-7 часов",
    "elevation_gain": 1000,
    "aqua": "до начала крутого подъёма дорогу несколько раз пересекают ручьи. У последнего ручья перед подъёмом нужно запастись водой — дальше её не будет до озера.",
    "route_type": "point",
    "route_image": "https://mapmagic.app/embed?routes=6EdNDw0",
    "main_image": "trails/main/ozero_lyubvi_main_16_9.jpg",
    "mobile_image": "trails/main/ozero_lyubvi_main_mobile.jpg",
    "card_image": "trails/cards/ozero_lyubvi_main_mini.jpg",
    "previous_trail": null,
    "next_trail": null,
    "created": "2023-10-23T21:47:51.063Z",
    "is_published": true
  }
},
{
  "model": "trails.trail",
  "pk": 2,
  "fields": {
    "name": "Скала Карча-тёбе",
    "slug": "skala-karcha-tyobe",
    "short_description": "Самый простой и самый близкий к Архызу маршрут, который позволяет окунуться в атмосферу сказочного леса, увидеть развалины древней аланской башни и посмотреть на посёлок с высоты.",
    "full_description": "От центра посёлка нужно пройти на его северную окраину, к подножью хребта Абишира-Ахуба. Там свернуть направо и идти вдоль хребта по грунтовой дороге. Примерно через километр она поворачивает влево и уходит вверх по склону. <br><br>\r\nПоднимаясь по дороге, нужно внимательно смотреть влево: через полкилометра от поворота будет тропа, уходящая в лес. По ней останется пройти ещё полкилометра с довольно крутым набором высоты. Тропа приводит к скальному выходу, где сохранились развалины древней аланской башни. Вокруг — огромные пихты и папоротники, заросшие мхом камни, мох свисает с деревьев… В этом месте всегда тихо и уютно, много туристов не бывает, можно сидеть и изучать окрестные горы, пока не надоест.",
    "start_point_description": "центр посёлка Архыз",
    "start_point": "43.562820, 41.280276",
    "region": 2,
    "level": "easy",
    "distance": 5,
    "time": "2-3 часа",
    "elevation_gain": 200,
    "aqua": "воды нет, нужно брать с собой",
    "route_type": "point",
    "route_image": "https://mapmagic.app/embed?routes=0gR2PMV",
    "main_image": "trails/main/karcha-tebe_main_16_9.jpg",
    "mobile_image": "trails/main/karcha-tebe_main_mobile.jpg",
    "card_image": "trails/cards/karcha-tebe_main_mini.jpg",
    "previous_trail": null,
    "next_trail": null,
    "created": "2023-10-24T12:40:03.622Z",
    "is_published": true
  }
},
{
  "model": "trails.trail",
  "pk": 3,
  "fields": {
    "name": "Дуккинские озёра",
    "slug": "dukkinskie-ozyora",
    "short_description": "Простой кольцевой маршрут, позволяющий за один день увидеть три больших и совершенно разных озера в долине реки Малая Дукка (их ещё называют Аркасарскими, от названия хребта Аркасара, у подножия которого лежат все три озера). На протяжении всего маршрута — хорошая тропа, сбиться с пути практически невозможно.",
    "full_description": "В долину реки Малая Дукка от посёлка Архыз нужно добираться на машине, причём до коша проедет только внедорожник.<br><br>\r\nДолина красива в любой летний месяц: в июне здесь цветут рододендроны, в июле цветёт вообще всё, а в августе поля усыпаны жёлтыми крокусами (он же шафран). <br><br>\r\nВозле одного из истоков Малой Дукки тропа раздваивается: лучше выбрать правую, а по левой спускаться обратно. Тропа поднимается по очереди к трём озёрам на Малой Дукке. На картах OSM им дали названия Рыбка, Аркасарское и Сказка Кавказа. <br><br>\r\nНе доходя до третьего, самого большого озера, можно подняться на несложный перевал и посмотреть на озеро сверху — вид будет намного лучше. <br><br>\r\nОт третьего озера тропа пересекает два мелких истока Малой Дукки и спускается обратно к развилке, где мы сворачивали направо. Отсюда 2.5 км до коша.",
    "start_point_description": "кош (домик пастухов) на реке Малая Дукка.",
    "start_point": "43.549327, 41.07777",
    "region": 2,
    "level": "middle",
    "distance": 10,
    "time": "6-7 часов",
    "elevation_gain": 600,
    "aqua": "тропа почти всю дорогу идёт рядом с рекой, так что вода есть постоянно.",
    "route_type": "loop",
    "route_image": "https://mapmagic.app/embed?routes=64LyBm6",
    "main_image": "trails/main/dukkinskie_main_16_9.jpg",
    "mobile_image": "trails/main/dukkinskie_main_mobile.jpg",
    "card_image": "trails/cards/dukkinskie_main_mini.jpg",
    "previous_trail": null,
    "next_trail": null,
    "created": "2023-10-24T13:23:52.464Z",
    "is_published": true
  }
},
{
  "model": "trails.trail",
  "pk": 4,
  "fields": {
    "name": "Алибекский водопад",
    "slug": "alibekskij-vodopad",
    "short_description": "Несложный маршрут к живописному водопаду - прекрасный вариант для того, чтобы акклиматизироваться и размяться. На протяжении всего маршрута почти нет набора высоты, а те, кто не любит долго идти пешком, могут воспользоваться услугами заброски и пройти только последние пару километров до водопада.",
    "full_description": "Первой точкой на маршруте, примерно через 1,3 км, будет кладбище альпинистов. Многие из здешних памятников являются мемориалами в честь тех, кто остался в горах навсегда. Пройдя ещё 2 км, вы окажетесь на территории альпинистского лагеря «Алибек». Ещё через 1 км — общий набор высоты составит уже 300 метров — вы окажетесь на поляне Узун-Тала. Здесь тропа разделяется на две ветви: правая ведёт к Турьему озеру (1560 м), левая — к водопаду Алибек (650 м). В целом нет большой разницы, что посетить сначала, но озеро считается конечной точкой маршрута.<br><br>\r\nАлибекский водопад — один из самых больших водопадов в Домбае, это река Джаловчатка падает с Алибекского ледника. Турье озеро — бирюзовое озеро среди гор и ледников. Однако бывает, что проход к озеру закрыт из-за сломанных мостиков на подходе к нему. Так было, например, в 2019 и 2020 годах.<br><br>\r\nОбратно необходимо будет вернуться той же дорогой.",
    "start_point_description": "Маршрут начинается при входе в Тебердинский заповедник - от пансионата \"Солнечная долина\" нужно пройти по грунтовой дороге около 500 м",
    "start_point": "43.290677, 41.618026",
    "region": 1,
    "level": "easy",
    "distance": 12,
    "time": "4-5 часов",
    "elevation_gain": 400,
    "aqua": "можно пополнить запас воды в ручье около альплагеря Алибек или около водопада",
    "route_type": "point",
    "route_image": "https://mapmagic.app/embed?routes=9rZgLW9",
    "main_image": "trails/main/alibekskiy_vodopad_main_16_9.jpg",
    "mobile_image": "trails/main/alibekskiy_vodopad_main_mobile.jpg",
    "card_image": "trails/cards/alibekskiy_vodopad_main_mini_euHjAUx.jpg",
    "previous_trail": null,
    "next_trail": null,
    "created": "2023-10-31T09:36:06.044Z",
    "is_published": true
  }
},
{
  "model": "trails.regionphoto",
  "pk": 1,
  "fields": {
    "region": 2,
    "image": "regions/photos/arkhyz_region-1.jpg"
  }
},
{
  "model": "trails.regionphoto",
  "pk": 2,
  "fields": {
    "region": 2,
    "image": "regions/photos/arkhyz_region-2.jpg"
  }
},
{
  "model": "trails.regionphoto",
  "pk": 3,
  "fields": {
    "region": 2,
    "image": "regions/photos/arkhyz_region-3.jpg"
  }
},
{
  "model": "trails.regionphoto",
  "pk": 4,
  "fields": {
    "region": 2,
    "image": "regions/photos/arkhyz_region-4.jpg"
  }
},
{
  "model": "trails.regionphoto",
  "pk": 5,
  "fields": {
    "region": 2,
    "image": "regions/photos/arkhyz_region-5.jpg"
  }
},
{
  "model": "trails.regionphoto",
  "pk": 6,
  "fields": {
    "region": 1,
    "image": "regions/photos/dombay_region_1.jpg"
  }
},
{
  "model": "trails.regionphoto",
  "pk": 7,
  "fields": {
    "region": 1,
    "image": "regions/photos/dombay_region_2.jpg"
  }
},
{
  "model": "trails.regionphoto",
  "pk": 8,
  "fields": {
    "region": 1,
    "image": "regions/photos/dombay_region_3.jpg"
  }
},
{
  "model": "trails.regionphoto",
  "pk": 9,
  "fields": {
    "region": 1,
    "image": "regions/photos/dombay_region_4.jpg"
  }
},
{
  "model": "trails.regionphoto",
  "pk": 10,
  "fields": {
    "region": 1,
    "image": "regions/photos/dombay_region_5.jpg"
  }
},
{
  "model": "trails.regionphoto",
  "pk": 11,
  "fields": {
    "region": 4,
    "image": "regions/photos/elbrus_region_1.jpg"
  }
},
{
  "model": "trails.regionphoto",
  "pk": 12,
  "fields": {
    "region": 4,
    "image": "regions/photos/elbrus_region_2.jpg"
  }
},
{
  "model": "trails.regionphoto",
  "pk": 13,
  "fields": {
    "region": 4,
    "image": "regions/photos/elbrus_region_3.jpg"
  }
},
{
  "model": "trails.regionphoto",
  "pk": 14,
  "fields": {
    "region": 4,
    "image": "regions/photos/elbrus_region_4.jpg"
  }
},
{
  "model": "trails.regionphoto",
  "pk": 15,
  "fields": {
    "region": 4,
    "image": "regions/photos/elbrus_region_5.jpg"
  }
},
{
  "model": "trails.regionphoto",
  "pk": 16,
  "fields": {
    "region": 3,
    "image": "regions/photos/bezengi_region-1.JPG"
  }
},
{
  "model": "trails.regionphoto",
  "pk": 17,
  "fields": {
    "region": 3,
    "image": "regions/photos/bezengi_region-2.JPG"
  }
},
{
  "model": "trails.regionphoto",
  "pk": 18,
  "fields": {
    "region": 3,
    "image": "regions/photos/bezengi_region-3.JPG"
  }
},
{
  "model": "trails.regionphoto",
  "pk": 19,
  "fields": {
    "region": 3,
    "image": "regions/photos/bezengi_region-4.JPG"
  }
},
{
  "model": "trails.regionphoto",
  "pk": 20,
  "fields": {
    "region": 3,
    "image": "regions/photos/bezengi_region-5.JPG"
  }
},
{
  "model": "trails.trailphoto",
  "pk": 1,
  "fields": {
    "trail": 1,
    "image": "trails/photos/ozero_lyubvi_1.jpg"
  }
},
{
  "model": "trails.trailphoto",
  "pk": 2,
  "fields": {
    "trail": 1,
    "image": "trails/photos/ozero_lyubvi_2.jpg"
  }
},
{
  "model": "trails.trailphoto",
  "pk": 3,
  "fields": {
    "trail": 1,
    "image": "trails/photos/ozero_lyubvi_3.jpg"
  }
},
{
  "model": "trails.trailphoto",
  "pk": 4,
  "fields": {
    "trail": 1,
    "image": "trails/photos/ozero_lyubvi_4.jpg"
  }
},
{
  "model": "trails.trailphoto",
  "pk": 5,
  "fields": {
    "trail": 2,
    "image": "trails/photos/karcha-tebe-1.jpg"
  }
},
{
  "model": "trails.trailphoto",
  "pk": 6,
  "fields": {
    "trail": 2,
    "image": "trails/photos/karcha-tebe-2.jpg"
  }
},
{
  "model": "trails.trailphoto",
  "pk": 7,
  "fields": {
    "trail": 2,
    "image": "trails/photos/karcha-tebe-3.jpg"
  }
},
{
  "model": "trails.trailphoto",
  "pk": 8,
  "fields": {
    "trail": 2,
    "image": "trails/photos/karcha-tebe-4.jpg"
  }
},
{
  "model": "trails.trailphoto",
  "pk": 9,
  "fields": {
    "trail": 3,
    "image": "trails/photos/dukkinskie_ozera-1.jpg"
  }
},
{
  "model": "trails.trailphoto",
  "pk": 10,
  "fields": {
    "trail": 3,
    "image": "trails/photos/dukkinskie_ozera-2.jpg"
  }
},
{
  "model": "trails.trailphoto",
  "pk": 11,
  "fields": {
    "trail": 3,
    "image": "trails/photos/dukkinskie_ozera-3.jpg"
  }
},
{
  "model": "trails.trailphoto",
  "pk": 12,
  "fields": {
    "trail": 3,
    "image": "trails/photos/dukkinskie_ozera-4.jpg"
  }
},
{
  "model": "trails.trailphoto",
  "pk": 21,
  "fields": {
    "trail": 4,
    "image": "trails/photos/alibekskiy_vodopad-1.jpg"
  }
},
{
  "model": "trails.trailphoto",
  "pk": 22,
  "fields": {
    "trail": 4,
    "image": "trails/photos/alibekskiy_vodopad-2.jpg"
  }
},
{
  "model": "trails.trailphoto",
  "pk": 23,
  "fields": {
    "trail": 4,
    "image": "trails/photos/alibekskiy_vodopad-3.jpg"
  }
},
{
  "model": "trails.trailphoto",
  "pk": 24,
  "fields": {
    "trail": 4,
    "image": "trails/photos/alibekskiy_vodopad-4.jpg"
  }
}
]
